MES,QUARTER,SITE,TIPO,DESCRIPCIÓN,DESCRIPCIÓN_CONS,DEPARTAMENTO,GESTOR DE TRABAJO,GESTOR DE TRABAJO_CONS,FECHA SOLICITUD,STATUS COTIZACIÓN,FECHA COTIZACION,STATUS APROBACION,FECHA APROBACION,STATUS EJECUCIÓN,FECHA INFORME,FECHA DE INICIO EJECUCION,FECHA DE FIN EJECUCION,MONTO COTIZADO
ENERO,Q1,POLO II,INFRA,"CAMBIO PISO TÉCNICO - SALAS DATA CENTER TI, MSC02, MSC03","CAMBIO PISO TÉCNICO - SALAS DATA CENTER TI, MSC02, MSC03",LIMA,GOYTIZOLO,GOYTIZOLO,3-Jan,ENVIADA,12-Jan,PENDIENTE,PENDIENTE,SIN EJECUCIÓN,,,,281434.94
ENERO,Q1,CEMENTOS PACASMAYO,TORRE,INSPECCIÓN DE ESTADO DE TORRE VENTADA,INSPECCIÓN DE ESTADO DE TORRE VENTADA,TRUJILLO,VARGAS,VARGAS,7-Jan,PENDIENTE,PENDIENTE,PENDIENTE,PENDIENTE,SIN EJECUCIÓN,,,,1194.94
ENERO,Q1,CULEBRAS,TORRE,CAMBIO DE TORRE VENTADA H = 18M,CAMBIO DE TORRE VENTADA H = 18M,ÁNCASH,VARGAS,VARGAS,7-Jan,ENVIADA,17-Jan,PENDIENTE,PENDIENTE,SIN EJECUCIÓN,,,,18888.52
ENERO,Q1,DOCUMENTACIÓN PL,INFRA,INGRESO DE DOCUMENTACIÓN EN MESA DE PARTES,INGRESO DE DOCUMENTACIÓN EN MESA DE PARTES,LIMA,VARGAS,VARGAS,12-Jan,PENDIENTE,PENDIENTE,PENDIENTE,PENDIENTE,EN EJECUCIÓN,20-Jan,18-Jan,20-Jan,-   
ENERO,Q1,INSPECCIÓN TORRES,TORRE,INSPECCIÓN + EVALUACIÓN ESTRUCTURAL + MANTENIMIENTO CORRECTIVO EN 38 SITES,INSPECCIÓN + EVALUACIÓN ESTRUCTURAL + MANTENIMIENTO CORRECTIVO EN 38 SITES,VARIOS,VARGAS,VARGAS,12-Jan,ENVIADA,15-Feb,PENDIENTE,PENDIENTE,SIN EJECUCIÓN,,,,70000
ENERO,Q1,PICSI,INFRA,REPOSICIÓN DE PLANCHA METÁLICA EN PUERTA DE ACCESO PRINCIPAL,REPOSICIÓN DE PLANCHA METÁLICA EN PUERTA DE ACCESO PRINCIPAL,CHICLAYO,VARGAS,VARGAS,17-Jan,ENVIADA,18-Jan,APROBADA,24-Jan,EJECUTADO,28-Jan,26-Jan,26-Jan,1024.91
ENERO,Q1,EL ZAPALLAL,INFRA,GESTIÓN DE OBTENCIÓN DE PARTIDA REGISTRAL - CORROBORACIÓN EN CAMPO DE DIMENSIONES DE PREDIO,GESTIÓN DE OBTENCIÓN DE PARTIDA REGISTRAL - CORROBORACIÓN EN CAMPO DE DIMENSIONES DE PREDIO,LIMA,VARGAS,VARGAS,18-Jan,ENVIADA,18-Jan,APROBADA,19-Jan,EJECUTADO,21-Jan,20-Jan,21-Jan,489.13
ENERO,Q1,EL TAMBO CATV,INFRA,RETIRO DE PUERTA Y CERCO METÁLICOS - IMPLEMENTACIÓN DE NUEVO ACCESO A SITE CON PUERTA METÁLICA RETIRADA,RETIRO DE PUERTA Y CERCO METÁLICOS - IMPLEMENTACIÓN DE NUEVO ACCESO A SITE CON PUERTA METÁLICA RETIRADA,HUANCAYO,VARGAS,VARGAS,19-Jan,ENVIADA,19-Jan,PENDIENTE,PENDIENTE,SIN EJECUCIÓN,,,,1845.69
ENERO,Q1,MEIGGS,TORRE,INSPECCIÓN DE SOPORTES DE EQUIPOS EN TORRE,INSPECCIÓN DE SOPORTES DE EQUIPOS EN TORRE,ÁNCASH,VARGAS,VARGAS,19-Jan,PENDIENTE,PENDIENTE,PENDIENTE,PENDIENTE,SIN EJECUCIÓN,,,,-   
ENERO,Q1,SITUYAL,TORRE,INSPECCIÓN + EVALUACIÓN ESTRUCTURAL DE TORRE AUTOSOPORTADA H=35M,INSPECCIÓN + EVALUACIÓN ESTRUCTURAL DE TORRE AUTOSOPORTADA H=35M,JUANJUI,VARGAS,VARGAS,20-Jan,CANCELADO,CANCELADO,CANCELADO,CANCELADO,CANCELADO,,,,2800
ENERO,Q1,CHIMBOTE CT,INFRA,CAMBIO DE DRENAJE SISTEMA DE AIRE ACONDICIONADO - SALA CX,CAMBIO DE DRENAJE SISTEMA DE AIRE ACONDICIONADO - SALA CX,ÁNCASH,VARGAS,VARGAS,21-Jan,ENVIADA,22-Jan,PENDIENTE,PENDIENTE,SIN EJECUCIÓN,,,,2385.12
ENERO,Q1,CAMINO REAL,INFRA,SUCCIÓN DE AGUA PARA MITIGAR ANIEGO,SUCCIÓN DE AGUA PARA MITIGAR ANIEGO,LIMA,ISTEY,ISTEY,25-Jan,ENVIADA,25-Jan,APROBADA,25-Jan,EJECUTADO,4-Feb,25-Jan,25-Jan,1900
ENERO,Q1,CHICLAYO CT,INFRA,ADICIONAL - SUMINISTRO DE CANALETAS Y ESCALERILLAS - SALA TX,ADICIONAL - SUMINISTRO DE CANALETAS Y ESCALERILLAS - SALA TX,CHICLAYO,PORTELLA,PORTELLA,26-Jan,ENVIADA,26-Jan,APROBADA,26-Jan,EJECUTADO,2-Feb,27-Jan,29-Jan,693.47
FEBRERO,Q1,LURÍN URA,INFRA,"CAMBIO DE LAVATORIO (APARATO, NO PEDESTAL + GRIFO + TUB DE ABASTO), ACCESORIOS DE TANQUE (BAÑO) Y GRIFO DE RIEGO (PATIO)","CAMBIO DE LAVATORIO (APARATO, NO PEDESTAL + GRIFO + TUB DE ABASTO), ACCESORIOS DE TANQUE (BAÑO) Y GRIFO DE RIEGO (PATIO)",LIMA,VARGAS,VARGAS,31-Jan,CANCELADO,CANCELADO,CANCELADO,CANCELADO,CANCELADO,,,,1055.33
FEBRERO,Q1,BARRANCA URA,INFRA,"CAMBIO DE PUERTA DOBLE HOJA (DE MADERA A METÁLICA), TAPIADO DE VANOS","CAMBIO DE PUERTA DOBLE HOJA (DE MADERA A METÁLICA), TAPIADO DE VANOS",LIMA,VARGAS,VARGAS,4-Feb,ENVIADA,9-Feb,APROBADA,14-Feb,EJECUTADO,23-Feb,15-Feb,19-Feb,5649.72
FEBRERO,Q1,LLAMACORRAL,INFRA,NICHO PARA BATERÍAS - SUMINISTRO E INSTALACIÓN DE PUERTAS METÁLICAS - REPARACIÓN EN PUERTA DE ACCESO A SALA DE EQUIPOS - REPARACIONES Y MEJORAS EN PORTÓN DE ACCESO PRINCIPAL,NICHO PARA BATERÍAS - SUMINISTRO E INSTALACIÓN DE PUERTAS METÁLICAS - REPARACIÓN EN PUERTA DE ACCESO A SALA DE EQUIPOS - REPARACIONES Y MEJORAS EN PORTÓN DE ACCESO PRINCIPAL,ÁNCASH,GOYTIZOLO,GOYTIZOLO,10-Feb,ENVIADA,14-Feb,PENDIENTE,PENDIENTE,SIN EJECUCIÓN,,,,13376.94
FEBRERO,Q1,PLAN LLUVIAS,INFRA,IMPERMEABILIZACIÓN DE TECHO Y OTROS - 104 SITES,IMPERMEABILIZACIÓN DE TECHO Y OTROS - 104 SITES,VARIOS,VARGAS,VARGAS,10-Feb,CANCELADO,CANCELADO,CANCELADO,CANCELADO,CANCELADO,,,,-   
FEBRERO,Q1,SAN_JOSE_NEW,TORRE,INSPECCIÓN DE TORRE + EE,INSPECCIÓN DE TORRE + EE,TRUJILLO,VARGAS,VARGAS,10-Feb,ENVIADA,14-Feb,PENDIENTE,PENDIENTE,SIN EJECUCIÓN,,,,2149.82
FEBRERO,Q1,AGROALEGRE_NEW,TORRE,INSPECCIÓN DE TORRE + EE,INSPECCIÓN DE TORRE + EE,TRUJILLO,VARGAS,VARGAS,10-Feb,ENVIADA,14-Feb,PENDIENTE,PENDIENTE,SIN EJECUCIÓN,,,,1849.82
FEBRERO,Q1,ORO_AZUL,TORRE,MANTENIMIENTO BÁSICO + EE,MANTENIMIENTO BÁSICO + EE,TRUJILLO,VARGAS,VARGAS,10-Feb,ENVIADA,14-Feb,PENDIENTE,PENDIENTE,SIN EJECUCIÓN,,,,11645.18
FEBRERO,Q1,SINCROMAX,TORRE,MANTENIMIENTO BÁSICO + EE,MANTENIMIENTO BÁSICO + EE,TRUJILLO,VARGAS,VARGAS,10-Feb,ENVIADA,14-Feb,PENDIENTE,PENDIENTE,SIN EJECUCIÓN,,,,11645.18
FEBRERO,Q1,EBC_FUNDO_YAKUIMINKA,TORRE,INSPECCIÓN DE TORRE + EE,INSPECCIÓN DE TORRE + EE,TRUJILLO,VARGAS,VARGAS,10-Feb,ENVIADA,14-Feb,PENDIENTE,PENDIENTE,SIN EJECUCIÓN,,,,1649.82
FEBRERO,Q1,PLANTA CHAO NEW,TORRE,MANTENIMIENTO BÁSICO + LUZ DE BALIZAJE,MANTENIMIENTO BÁSICO + LUZ DE BALIZAJE,TRUJILLO,VARGAS,VARGAS,10-Feb,ENVIADA,14-Feb,PENDIENTE,PENDIENTE,SIN EJECUCIÓN,,,,27921.9
FEBRERO,Q1,TRES MARÍAS,INFRA,APERTURA DE AGUJEROS PARA MEJORAMIENTO DE VENTILACIÓN DE SHELTER + COLOCACIÓN DE MALLA GALLINERO PARA EVITAR INGRESO DE ANIMALES POR AGUJEROS,APERTURA DE AGUJEROS PARA MEJORAMIENTO DE VENTILACIÓN DE SHELTER + COLOCACIÓN DE MALLA GALLINERO PARA EVITAR INGRESO DE ANIMALES POR AGUJEROS,LIMA,VARGAS,VARGAS,17-Feb,CANCELADO,CANCELADO,CANCELADO,CANCELADO,CANCELADO,,,,705.82
FEBRERO,Q1,PROYECTO CENTRALES,INFRA,RELEVAMIENTO DE INFORMACIÓN DE EQUIPAMIENTO Y SITES EN GENERAL - 22 SITES,RELEVAMIENTO DE INFORMACIÓN DE EQUIPAMIENTO Y SITES EN GENERAL - 22 SITES,VARIOS,KAPUSTÍN,KAPUSTÍN,18-Feb,CANCELADO,CANCELADO,CANCELADO,CANCELADO,CANCELADO,,,,-   
FEBRERO,Q1,YUNGAY URA,INFRA,REPARACIÓN DE FILTRACIONES EN MUROS,REPARACIÓN DE FILTRACIONES EN MUROS,ÁNCASH,VARGAS,VARGAS,18-Feb,PENDIENTE,PENDIENTE,PENDIENTE,PENDIENTE,SIN EJECUCIÓN,,,,-   
FEBRERO,Q1,CAJATAMBO URA,INFRA,IMPERMEABILIZACIÓN DE TECHO - CAMBIO DE COBERTURA DE CALAMINA - REPARACIÓN PINTURA CIELORRASO SALA TX,IMPERMEABILIZACIÓN DE TECHO - CAMBIO DE COBERTURA DE CALAMINA - REPARACIÓN PINTURA CIELORRASO SALA TX,LIMA,VARGAS,VARGAS,21-Feb,CANCELADO,CANCELADO,CANCELADO,CANCELADO,CANCELADO,,,,9238.07
FEBRERO,Q1,SCHELL,TORRE,INSPECCIÓN DE SOPORTES DE MÁSTILES ADOSADOS A FACHADA DE EDIFICACIÓN - MANTENIMIENTO DE ESCALERILLAS Y ATERRAMIENTOS,INSPECCIÓN DE SOPORTES DE MÁSTILES ADOSADOS A FACHADA DE EDIFICACIÓN - MANTENIMIENTO DE ESCALERILLAS Y ATERRAMIENTOS,LIMA,VARGAS,VARGAS,21-Feb,PENDIENTE,PENDIENTE,PENDIENTE,PENDIENTE,SIN EJECUCIÓN,,,,-   
MARZO,Q1,BARRANCA URA,INFRA,"ENJAULADO DE BATERÍAS 1000 A/H Y BATERÍA DE ARRANQUE DE GE CON ÁNGULOS 1 1/2""X3/16"" ANCLADOS A PISO Y MURO","ENJAULADO DE BATERÍAS 1000 A/H Y BATERÍA DE ARRANQUE DE GE CON ÁNGULOS 1 1/2""X3/16"" ANCLADOS A PISO Y MURO",LIMA,VARGAS,VARGAS,4-Feb,ENVIADA,15-Feb,APROBADA,7-Mar,EJECUTADO,14-Mar,9-Mar,12-Mar,5132.79
MARZO,Q1,CHIMBOTE CT,INFRA,MANTENIMIENTO DE ESCALERILLAS RACK - CAMBIO DE BANDEJAS POR ESCALERILLAS RACK - CAMBIO DE TUB DE ESCAPE,MANTENIMIENTO DE ESCALERILLAS RACK - CAMBIO DE BANDEJAS POR ESCALERILLAS RACK - CAMBIO DE TUB DE ESCAPE,ÁNCASH,VARGAS,VARGAS,18-Feb,ENVIADA,24-Feb,APROBADA,28-Feb,EJECUTADO,10-Mar,3-Mar,10-Mar,5497.75
MARZO,Q1,ARAMBURU,INFRA,MANTENIMIENTO GABINETES Y RECARGA 5 EXTINTORES - PINTADO DE ESCALERA DE GATO,MANTENIMIENTO GABINETES Y RECARGA 5 EXTINTORES - PINTADO DE ESCALERA DE GATO,LIMA,VARGAS,VARGAS,2-Mar,PENDIENTE,PENDIENTE,PENDIENTE,PENDIENTE,SIN EJECUCIÓN,,,,-   
MARZO,Q1,BERNINI 1,INFRA,PROTECCIÓN DE CABLES DE ENERGÍA EXPUESTOS,PROTECCIÓN DE CABLES DE ENERGÍA EXPUESTOS,LIMA,VARGAS,VARGAS,3-Mar,PENDIENTE,PENDIENTE,PENDIENTE,PENDIENTE,SIN EJECUCIÓN,,,,-   
MARZO,Q1,CALETA CULEBRAS,INFRA,CAMBIO DE CHAPA SIMPLE,CAMBIO DE CHAPA SIMPLE,ÁNCASH,ISTEY,ISTEY,15-Mar,CANCELADO,CANCELADO,CANCELADO,CANCELADO,CANCELADO,,,,604.08
MARZO,Q1,CHAPAS URA - ZONA SUR,INFRA,CAMBIO DE CHAPAS SIMPLES EN URAS DE ZONA SUR,CAMBIO DE CHAPA SIMPLE,VARIOS,MARTÍNEZ,MARTÍNEZ,18-Mar,ENVIADA,25-Mar,PENDIENTE,PENDIENTE,SIN EJECUCIÓN,,,,21000
MARZO,Q1,PISCO URA,INFRA,REPARACIÓN DE FUNCIONAMIENTO DE ELECTROBOMBA MEDIANTE CAMBIO DE CAPACITOR DE ARRANQUE,REPARACIÓN DE FUNCIONAMIENTO DE ELECTROBOMBA MEDIANTE CAMBIO DE CAPACITOR DE ARRANQUE,ICA,MARTÍNEZ,MARTÍNEZ,18-Mar,ENVIADA,21-Mar,APROBADA,22-Mar,EJECUTADO,28-Mar,23-Mar,23-Mar,725
MARZO,Q1,RUNTUJIRCA,INFRA,OPCIÓN 1: MANTENIMIENTO INTEGRAL A PUERTA - CAMBIO DE CHAPA SIMPLE,OPCIÓN 1: MANTENIMIENTO INTEGRAL A PUERTA - CAMBIO DE CHAPA SIMPLE,ÁNCASH,MARTÍNEZ,MARTÍNEZ,18-Mar,CANCELADO,CANCELADO,CANCELADO,CANCELADO,CANCELADO,,,,1226.14
MARZO,Q1,RUNTUJIRCA,INFRA,OPCIÓN 2: CAMBIO DE PUERTA DE MADERA POR METÁLICA CONTRAPLACADA,OPCIÓN 2: CAMBIO DE PUERTA DE MADERA POR METÁLICA CONTRAPLACADA,ÁNCASH,MARTÍNEZ,MARTÍNEZ,18-Mar,ENVIADA,21-Mar,APROBADA,22-Mar,EJECUTADO,6-Apr,31-Mar,3-Apr,3333.65
MARZO,Q1,LIMPIEZA ZONA SUR,INFRA,LIMPIEZA DE SITES EN ZONA SUR,LIMPIEZA DE SITES EN ZONA SUR,VARIOS,ISTEY - KAPUSTÍN,ISTEY,18-Mar,ENVIADA,30-Mar,PENDIENTE,PENDIENTE,SIN EJECUCIÓN,,,,18600
MARZO,Q1,IHUANCO,INFRA,"TAPIADO DE VANOS Y PASAMUROS - RESANE DE FORADO - COLOCACIÓN DE CHAPA, CANDADO, CADENA Y GUARDACANDADO EN PUERTA PRINCIPAL","TAPIADO DE VANOS Y PASAMUROS - RESANE DE FORADO - COLOCACIÓN DE CHAPA, CANDADO, CADENA Y GUARDACANDADO EN PUERTA PRINCIPAL",LIMA,VARGAS,VARGAS,18-Mar,ENVIADA,24-Mar,PENDIENTE,PENDIENTE,SIN EJECUCIÓN,,,,3585.83
MARZO,Q1,PLAN LLUVIAS - ZONA SUR,INFRA,IMPERMEABILIZADO DE TECHOS DE SALAS TÉCNICAS,IMPERMEABILIZADO DE TECHOS DE SALAS TÉCNICAS,VARIOS,VARGAS,VARGAS,18-Mar,ENVIADA,31-Mar,PENDIENTE,PENDIENTE,SIN EJECUCIÓN,,,,160085
MARZO,Q1,AYABACA URA,INFRA,CAMBIO DE CONTROLADOR SOLAR -48VDC,CAMBIO DE CONTROLADOR SOLAR -48VDC,PIURA,KAPUSTÍN,KAPUSTÍN,18-Mar,PENDIENTE,PENDIENTE,PENDIENTE,PENDIENTE,SIN EJECUCIÓN,,,,-   
MARZO,Q1,HUARAZ CT,INFRA,CAMBIO DE CHAPA SIMPLE EN SALA CX,CAMBIO DE CHAPA SIMPLE,ÁNCASH,ISTEY,ISTEY,22-Mar,ENVIADA,22-Mar,APROBADA,22-Mar,EJECUTADO,28-Mar,23-Mar,23-Mar,250
MARZO,Q1,SAN LUIS URA,INFRA,REPARACIONES DE FILTRACIONES DE AGUA + CAMBIO DE TANQUE ELEVADO,REPARACIONES DE FILTRACIONES DE AGUA + CAMBIO DE TANQUE ELEVADO,LIMA,MARTÍNEZ,MARTÍNEZ,22-Mar,ENVIADA,22-Mar,APROBADA,22-Mar,EJECUTADO,31-Mar,29-Mar,30-Mar,1937
MARZO,Q1,PORCÓN ALTO,INFRA,CAMBIO DE PLANCHA FIBRAFORTE EN TECHO DE SALA GE,CAMBIO DE PLANCHA FIBRAFORTE EN TECHO DE SALA GE,CAJAMARCA,ISTEY,ISTEY,23-Mar,CANCELADO,CANCELADO,CANCELADO,CANCELADO,CANCELADO,,,,420
MARZO,Q1,MALA URA,INFRA,CAMBIO DE CHAPA SIMPLE EN SALA MDF,CAMBIO DE CHAPA SIMPLE,LIMA,ISTEY,ISTEY,23-Mar,ENVIADA,23-Mar,APROBADA,29-Mar,EJECUTADO,6-Apr,1-Apr,1-Apr,443.43
MARZO,Q1,GRANADOS URA,INFRA,REPARACIÓN POR CORTOCIRCUITO,REPARACIÓN POR CORTOCIRCUITO,TRUJILLO,MARTÍNEZ,MARTÍNEZ,23-Mar,PENDIENTE,PENDIENTE,PENDIENTE,PENDIENTE,SIN EJECUCIÓN,,,,-   
MARZO,Q1,DOS PALOS,TORRE,MTTO CORRECTIVO TORRE AUTOSOPORTADA H=15M - CAMBIO DE LÍNEA DE VIDA - CAMBIO DE ELEMENTOS METÁLICOS Y PERNERÍA EN TORRE,MTTO CORRECTIVO TORRE AUTOSOPORTADA H=15M - CAMBIO DE LÍNEA DE VIDA - CAMBIO DE ELEMENTOS METÁLICOS Y PERNERÍA EN TORRE,CHICLAYO,VARGAS,VARGAS,23-Mar,ENVIADA,24-Mar,PENDIENTE,PENDIENTE,SIN EJECUCIÓN,,,,10000.57
MARZO,Q1,BASE NAVAL CALLAO,INFRA,CAMBIO DE CHAPA SIMPLE,CAMBIO DE CHAPA SIMPLE,LIMA,ISTEY,ISTEY,23-Mar,ENVIADA,24-Mar,APROBADA,25-Mar,SIN EJECUCIÓN,,,,250.65
MARZO,Q1,ALMACÉN PIURA,INFRA,DESMONTAJE DE EQUIPOS,DESMONTAJE DE EQUIPOS,PIURA,GOYTIZOLO,GOYTIZOLO,24-Mar,ENVIADA,24-Mar,APROBADA,24-Mar,EJECUTADO,,1-Apr,1-Apr,5000
MARZO,Q1,SAN LUIS URA,INFRA,COBERTURA PARA GE,COBERTURA PARA GE,LIMA,MARTÍNEZ,MARTÍNEZ,24-Mar,ENVIADA,25-Mar,APROBADA,28-Mar,EJECUTADO,31-Mar,29-Mar,30-Mar,2081.73
MARZO,Q1,LOS OLIVOS CT,INFRA,REPARACIÓN DE TUB ROTA,REPARACIÓN DE TUB ROTA,LIMA,ISTEY,ISTEY,30-Mar,CANCELADO,CANCELADO,CANCELADO,CANCELADO,CANCELADO,,,,335.78
ABRIL,Q2,PAMPLONA ALTA,INFRA,AJUSTE DE CHAPA ELECTRÓNICA Y TRP,AJUSTE DE CHAPA ELECTRÓNICA Y TRP,LIMA,VARGAS,VARGAS,24-Jan,ENVIADA,25-Jan,APROBADA,7-Apr,EJECUTADO,19-Apr,8-Apr,8-Apr,110
ABRIL,Q2,MISTERIO,INFRA,"CAMBIO DE CERCO PERIMÉTRICO (INCLUYE SUMINISTRO E INSTALACIÓN DE CHAPA, CADENAS Y CANDADOS) - INSTALACIÓN DE CONCERTINA","CAMBIO DE CERCO PERIMÉTRICO (INCLUYE SUMINISTRO E INSTALACIÓN DE CHAPA, CADENAS Y CANDADOS) - INSTALACIÓN DE CONCERTINA",LIMA,VARGAS,VARGAS,31-Jan,ENVIADA,31-Jan,APROBADA,18-Apr,EJECUTADO,9-May,25-Apr,27-Apr,9506.1
ABRIL,Q2,CHIMBOTE CT,TORRE,DESMONTAJE DE EQUIPOS INOPERATIVOS (EQUIPOS EN TORRE + CABLEADO + SOPORTE + EQUIPO INDOOR) - MTTO CORRECTIVO A SOPORTES DE EQUIPOS OPERATIVOS - TRASLADO DE EQUIPOS INOPERATIVOS A BUENOS AIRES URA - PRESENCIA DE VIGÍA A NIVEL DE PISO PARA SUPERVISAR EL DESPLIEGUE DE LAS ACTIVIDADES EN CAMPO,DESMONTAJE DE EQUIPOS INOPERATIVOS (EQUIPOS EN TORRE + CABLEADO + SOPORTE + EQUIPO INDOOR) - MTTO CORRECTIVO A SOPORTES DE EQUIPOS OPERATIVOS - TRASLADO DE EQUIPOS INOPERATIVOS A BUENOS AIRES URA - PRESENCIA DE VIGÍA A NIVEL DE PISO PARA SUPERVISAR EL DESPLIEGUE DE LAS ACTIVIDADES EN CAMPO,ÁNCASH,VARGAS,VARGAS,16-Mar,ENVIADA,21-Mar,APROBADA,5-Apr,EJECUTADO,2-May,8-Apr,23-Apr,11142.27
ABRIL,Q2,LA PUNTA_ÁTICO,INFRA,CAMBIO DE CHAPAS SIMPLES + ALQUILER DE GE (PERSONAL Y GE SERÁN TRASLADADOS POR MEDIO DE CAMIONETA DEL FLM),CAMBIO DE CHAPA SIMPLE,AREQUIPA,MARTÍNEZ,MARTÍNEZ,22-Mar,ENVIADA,16-Apr,PENDIENTE,PENDIENTE,SIN EJECUCIÓN,,,,2605.81
ABRIL,Q2,SUCHE,INFRA,"CAMBIO DE CHAPA - TAPIADO DE REJILLAS CON PLANCHAS METÁLICAS - COLOCACIÓN DE CANDADOS, CADENAS Y GUARDACANDADOS","CAMBIO DE CHAPA - TAPIADO DE REJILLAS CON PLANCHAS METÁLICAS - COLOCACIÓN DE CANDADOS, CADENAS Y GUARDACANDADOS",LIMA,ISTEY,ISTEY,25-Mar,ENVIADA,28-Mar,APROBADA,4-Apr,EJECUTADO,25-Apr,19-Apr,19-Apr,2050
ABRIL,Q2,INSPECCIÓN SOPORTES TORRES,TORRE,"INSPECCIÓN DE SOPORTES, ELEMENTOS DE ANCLAJE, OPERATIVIDAD DE ANTENAS EN TORRES (8 TORRES)","INSPECCIÓN DE SOPORTES, ELEMENTOS DE ANCLAJE, OPERATIVIDAD DE ANTENAS EN TORRES (8 TORRES)",VARIOS,VARGAS,VARGAS,30-Mar,CANCELADO,CANCELADO,CANCELADO,CANCELADO,CANCELADO,,,,12000
ABRIL,Q2,PRIETO,INFRA,INSPECCIÓN PARA DX DE INCONVENIENTE CON ITM (SISTEMA ELÉCTRICO),INSPECCIÓN PARA DX DE INCONVENIENTE CON ITM (SISTEMA ELÉCTRICO),ICA,MARTÍNEZ,MARTÍNEZ,31-Mar,ENVIADA,31-Mar,APROBADA,31-Mar,SIN EJECUCIÓN,,,,400
ABRIL,Q2,PORCÓN ALTO,INFRA,ENCUADRE DE PUERTA PRINCIPAL - COMPRA DE MATERIALES PARA CAMBIO DE PLANCHA FIBRAFORTE EN COBERTURA DE GE,ENCUADRE DE PUERTA PRINCIPAL - COMPRA DE MATERIALES PARA CAMBIO DE PLANCHA FIBRAFORTE EN COBERTURA DE GE,CAJAMARCA,ISTEY,ISTEY,31-Mar,ENVIADA,31-Mar,APROBADA,4-Apr,EJECUTADO,25-Apr,22-Apr,22-Apr,402.72
ABRIL,Q2,CHACLACAYO URA,INFRA,IMPERMEABILIZADO Y REPARACIÓN DE FILTRACIONES EN TECHO SALA CX,IMPERMEABILIZADO Y REPARACIÓN DE FILTRACIONES EN TECHO SALA CX,LIMA,VARGAS,VARGAS,1-Apr,PENDIENTE,PENDIENTE,PENDIENTE,PENDIENTE,SIN EJECUCIÓN,,,,-   
ABRIL,Q2,BAJAS LUZ DEL SUR,INFRA,ALIMENTACIÓN DE TROBAS DESDE OTRO PUNTO EXTERNO (2 UND),ALIMENTACIÓN DE TROBAS DESDE OTRO PUNTO EXTERNO (2 UND),LIMA,GOYTIZOLO,GOYTIZOLO,5-Apr,CANCELADO,CANCELADO,CANCELADO,CANCELADO,CANCELADO,,,,-   
ABRIL,Q2,YUNGAY URA,INFRA,IMPERMEABILIZADO DE TECHO,IMPERMEABILIZADO DE TECHO,ÁNCASH,VARGAS,VARGAS,6-Apr,ENVIADA,11-Apr,APROBADA,25-Apr,EJECUTADO,23-May,5-May,11-May,5050
ABRIL,Q2,PESCADORES NEXTEL,INFRA,MEJORAMIENTO DE CERCO PERIMÉTRICO DE CASETA DE EQUIPOS,MEJORAMIENTO DE CERCO PERIMÉTRICO DE CASETA DE EQUIPOS,ÁNCASH,VARGAS,VARGAS,7-Apr,ENVIADA,22-Apr,PENDIENTE,PENDIENTE,SIN EJECUCIÓN,,,,16201
ABRIL,Q2,ALARMAS COMBUSTIBLE,INFRA,INSTALACIÓN ALARMAS COMBUSTIBLE,INSTALACIÓN ALARMAS COMBUSTIBLE,VARIOS,KAPUSTÍN,KAPUSTÍN,7-Apr,PENDIENTE,PENDIENTE,PENDIENTE,PENDIENTE,SIN EJECUCIÓN,,,,-   
ABRIL,Q2,CHIMBOTE CT,TORRE,ADICIONAL POR DESMONTAJE DE ANTENAS SECTORIALES + RRU + FILTROS I Y II SECTOR 2G GSM 1900 (EQUIPO EN TORRE + CABLEADO + SOPORTE) - TRASLADO DE EQUIPOS INOPERATIVOS A BUENOS AIRES URA - PRESENCIA DE VIGÍA A NIVEL DE PISO PARA SUPERVISAR EL DESPLIEGUE DE LAS ACTIVIDADES EN CAMPO,ADICIONAL POR DESMONTAJE DE ANTENAS SECTORIALES + RRU + FILTROS I Y II SECTOR 2G GSM 1900 (EQUIPO EN TORRE + CABLEADO + SOPORTE) - TRASLADO DE EQUIPOS INOPERATIVOS A BUENOS AIRES URA - PRESENCIA DE VIGÍA A NIVEL DE PISO PARA SUPERVISAR EL DESPLIEGUE DE LAS ACTIVIDADES EN CAMPO,ÁNCASH,VARGAS,VARGAS,7-Apr,ENVIADA,28-Apr,PENDIENTE,PENDIENTE,EJECUTADO,,8-Apr,23-Apr,1280.16
ABRIL,Q2,LA ZORRA,TORRE,REUBICACIÓN DE EQUIPO EN TORRE,REUBICACIÓN DE EQUIPO EN TORRE,CHICLAYO,MARTÍNEZ,MARTÍNEZ,8-Apr,PENDIENTE,PENDIENTE,PENDIENTE,PENDIENTE,SIN EJECUCIÓN,,,,-   
ABRIL,Q2,MEIGGS,TORRE,CAMBIO DE ELEMENTOS EN TORRE,CAMBIO DE ELEMENTOS EN TORRE,CHIMBOTE,VARGAS,VARGAS,8-Apr,PENDIENTE,PENDIENTE,PENDIENTE,PENDIENTE,SIN EJECUCIÓN,,,,-   
ABRIL,Q2,CHUCURA,INFRA,SUMINISTRO E INSTALACIÓN DE 2 CONTROLADORES SOLARES Y REVISIÓN SPAT,SUMINISTRO E INSTALACIÓN DE 2 CONTROLADORES SOLARES Y REVISIÓN SPAT,AREQUIPA,KAPUSTÍN,KAPUSTÍN,8-Apr,PENDIENTE,PENDIENTE,PENDIENTE,PENDIENTE,SIN EJECUCIÓN,,,,-   
ABRIL,Q2,SURQUILLO,TORRE,"INSPECCIÓN DE SOPORTES, ELEMENTOS DE ANCLAJE, OPERATIVIDAD DE ANTENAS EN TORRES","INSPECCIÓN DE SOPORTES, ELEMENTOS DE ANCLAJE, OPERATIVIDAD DE ANTENAS EN TORRES",LIMA,VARGAS,VARGAS,11-Apr,CANCELADO,CANCELADO,CANCELADO,CANCELADO,CANCELADO,,,,1500
ABRIL,Q2,CHIMBOTE CT,INFRA,MANTENIMIENTO O CAMBIO DE ABRAZADERAS DE EQUIPOS,MANTENIMIENTO O CAMBIO DE ABRAZADERAS DE EQUIPOS,CHIMBOTE,VARGAS,VARGAS,11-Apr,PENDIENTE,PENDIENTE,PENDIENTE,PENDIENTE,SIN EJECUCIÓN,,,,-   
ABRIL,Q2,PLATEROS,TORRE,MTTO CORRECTIVO DE TORRE AUTOSOPORTADA H=40M - CAMBIO DE LÍNEA DE VIDA - RESANE DE DADOS DE CONCRETO,MTTO CORRECTIVO DE TORRE AUTOSOPORTADA H=40M - CAMBIO DE LÍNEA DE VIDA - RESANE DE DADOS DE CONCRETO,TUMBES,VARGAS,VARGAS,11-Apr,ENVIADA,12-Apr,PENDIENTE,PENDIENTE,SIN EJECUCIÓN,,,,25211.23
ABRIL,Q2,SUCHE,INFRA,ALQUILER DE GE DEBIDO A FALTA DE ENERGÍA COMERCIAL,ALQUILER DE GE DEBIDO A FALTA DE ENERGÍA COMERCIAL,LIMA,ISTEY,ISTEY,20-Apr,ENVIADA,20-Apr,APROBADA,4-Apr,EJECUTADO,25-Apr,19-Apr,19-Apr,150
ABRIL,Q2,CHIMBOTE CT,TORRE,DESMONTAJE MW SIAE DIRECCIÓN CRISTINA (EQUIPO EN TORRE + CABLEADO + SOPORTE + EQUIPO INDOOR) - TRASLADO DE EQUIPO INOPERATIVO A BUENOS AIRES URA - PRESENCIA DE VIGÍA A NIVEL DE PISO PARA SUPERVISAR EL DESPLIEGUE DE LAS ACTIVIDADES EN CAMPO,DESMONTAJE MW SIAE DIRECCIÓN CRISTINA (EQUIPO EN TORRE + CABLEADO + SOPORTE + EQUIPO INDOOR) - TRASLADO DE EQUIPO INOPERATIVO A BUENOS AIRES URA - PRESENCIA DE VIGÍA A NIVEL DE PISO PARA SUPERVISAR EL DESPLIEGUE DE LAS ACTIVIDADES EN CAMPO,ÁNCASH,VARGAS,VARGAS,22-Apr,ENVIADA,22-Apr,PENDIENTE,PENDIENTE,SIN EJECUCIÓN,,,,956.98
ABRIL,Q2,VENTANILLA URA - LA PERUANIDAD EBC,INFRA,DESMONTAJE DE 2 MW (ANTENA + ODU + CABLEADO + IDU) - TRASLADO E INTERNAMIENTO DE EQUIPOS INOPERATIVOS A WASHINGTON CT,DESMONTAJE DE 2 MW (ANTENA + ODU + CABLEADO + IDU) - TRASLADO E INTERNAMIENTO DE EQUIPOS INOPERATIVOS A WASHINGTON CT,LIMA,GOYTIZOLO,GOYTIZOLO,29-Apr,ENVIADA,29-Apr,APROBADA,29-Apr,EJECUTADO,11-May,29-Apr,30-Apr,1200
MAYO,Q2,PLAN LLUVIAS - ZONA SELVA,INFRA,IMPERMEABILIZADO DE TECHOS DE SALAS TÉCNICAS,IMPERMEABILIZADO DE TECHOS DE SALAS TÉCNICAS,IQUITOS,VARGAS,VARGAS,18-Apr,ENVIADA,18-Apr,APROBADA,29-Apr,EJECUTADO,17-May,3-May,16-May,35350
MAYO,Q2,JAITAL,INFRA,"ENREJADO Y ENMALLADO DE VANO DE PASAMUROS - CAMBIO DE CHAPAS - TAPIADO DE REJILLAS CON PLANCHAS METÁLICAS - COLOCACIÓN DE CANDADOS, CADENAS Y GUARDACANDADOS - CAMBIO DE CALAMINAS","ENREJADO Y ENMALLADO DE VANO DE PASAMUROS - CAMBIO DE CHAPAS - TAPIADO DE REJILLAS CON PLANCHAS METÁLICAS - COLOCACIÓN DE CANDADOS, CADENAS Y GUARDACANDADOS - CAMBIO DE CALAMINAS",PASCO,MARTÍNEZ,MARTÍNEZ,26-Apr,ENVIADA,26-Apr,APROBADA,2-May,EJECUTADO,9-May,5-May,6-May,2905.84
MAYO,Q2,JAITAL,INFRA,"ENJAULADO DE 2 BANCOS DE BATERÍAS (AGISSON 24 CELDAS 500 A/H Y SONNESCHEIN 24 CELDAS 848 A/H) CON ÁNGULOS 1 1/2""X3/16"" ANCLADOS A PISO Y MURO","ENJAULADO DE 2 BANCOS DE BATERÍAS (AGISSON 24 CELDAS 500 A/H Y SONNESCHEIN 24 CELDAS 848 A/H) CON ÁNGULOS 1 1/2""X3/16"" ANCLADOS A PISO Y MURO",PASCO,MARTÍNEZ,MARTÍNEZ,29-Apr,ENVIADA,30-Apr,PENDIENTE,PENDIENTE,SIN EJECUCIÓN,,,,8104.98
MAYO,Q2,"CERRO GRANDE LI, SAN JOSÉ CT Y WASHINGTON CT",INFRA,DESMONTAJE DE ANTENA Y EJECUCIÓN DE PRUEBAS,DESMONTAJE DE ANTENA Y EJECUCIÓN DE PRUEBAS,LIMA,MARTÍNEZ,MARTÍNEZ,4-May,ENVIADA,4-May,APROBADA,4-May,EJECUTADO,11-May,6-May,7-May,1400
MAYO,Q2,CHILCAL ALTO,TORRE,CAMBIO DE LÍNEA DE VIDA,CAMBIO DE LÍNEA DE VIDA,CHICLAYO,VARGAS,VARGAS,9-May,ENVIADA,9-May,PENDIENTE,PENDIENTE,SIN EJECUCIÓN,,,,873.26
MAYO,Q2,EL TRIUNFO,TORRE,MTTO CORRECTIVO TORRE AUTOSOPORTADA H=75M - CAMBIO DE LÍNEA DE VIDA - CAMBIO DE ELEMENTOS METÁLICOS Y PERNERÍA EN TORRE,MTTO CORRECTIVO TORRE AUTOSOPORTADA H=75M - CAMBIO DE LÍNEA DE VIDA - CAMBIO DE ELEMENTOS METÁLICOS Y PERNERÍA EN TORRE,CHICLAYO,VARGAS,VARGAS,10-May,ENVIADA,12-May,PENDIENTE,PENDIENTE,SIN EJECUCIÓN,,,,42350
MAYO,Q2,CUCUFANA,TORRE,MTTO CORRECTIVO TORRE AUTOSOPORTADA H=15M - CAMBIO DE SEPARADOR DE CABLES - CAMBIO DE PERNERÍA EN TORRE,MTTO CORRECTIVO TORRE AUTOSOPORTADA H=15M - CAMBIO DE SEPARADOR DE CABLES - CAMBIO DE PERNERÍA EN TORRE,CHICLAYO,VARGAS,VARGAS,10-May,ENVIADA,12-May,PENDIENTE,PENDIENTE,SIN EJECUCIÓN,,,,6605.25
MAYO,Q2,YURIMAGUAS URA,INFRA,IMPERMEABILIZADO DE TECHOS DE SALAS TÉCNICAS,IMPERMEABILIZADO DE TECHOS DE SALAS TÉCNICAS,IQUITOS,VARGAS,VARGAS,11-May,ENVIADA,11-May,APROBADA,11-May,EJECUTADO,25-May,20-May,24-May,5050
MAYO,Q2,SANTA ROSA,INFRA,IMPERMEABILIZADO DE TECHOS DE SALAS TÉCNICAS,IMPERMEABILIZADO DE TECHOS DE SALAS TÉCNICAS,ÁNCASH,VARGAS,VARGAS,11-May,ENVIADA,11-May,APROBADA,11-May,EJECUTADO,23-May,18-May,21-May,5050
MAYO,Q2,LA OROYA,INFRA,"OPCIÓN 1: CAMBIO DE CHAPAS - REPARACIÓN DE PUERTA - TAPIADO DE REJILLAS CON PLANCHAS METÁLICAS - COLOCACIÓN DE CANDADOS, CADENAS Y GUARDACANDADOS","OPCIÓN 1: CAMBIO DE CHAPAS - REPARACIÓN DE PUERTA - TAPIADO DE REJILLAS CON PLANCHAS METÁLICAS - COLOCACIÓN DE CANDADOS, CADENAS Y GUARDACANDADOS",JUNÍN,MARTÍNEZ,MARTÍNEZ,12-May,CANCELADO,CANCELADO,CANCELADO,CANCELADO,CANCELADO,,,,3187.94
MAYO,Q2,LA OROYA,INFRA,"OPCIÓN 2: CAMBIO DE CHAPAS - CAMBIO DE PUERTA EN SALA GE - COLOCACIÓN DE CANDADOS, CADENAS Y GUARDACANDADOS","OPCIÓN 2: CAMBIO DE CHAPAS - CAMBIO DE PUERTA EN SALA GE - COLOCACIÓN DE CANDADOS, CADENAS Y GUARDACANDADOS",JUNÍN,MARTÍNEZ,MARTÍNEZ,12-May,ENVIADA,18-May,PENDIENTE,PENDIENTE,SIN EJECUCIÓN,,,,4894.79
MAYO,Q2,TRAMPAJASE,INFRA,"OPCIÓN 1: CAMBIO DE CHAPAS - REPARACIÓN DE DERRAME DE VANO DE PUERTA - TAPIADO DE REJILLAS CON PLANCHAS METÁLICAS - COLOCACIÓN DE CANDADOS, CADENAS Y GUARDACANDADOS","OPCIÓN 1: CAMBIO DE CHAPAS - REPARACIÓN DE DERRAME DE VANO DE PUERTA - TAPIADO DE REJILLAS CON PLANCHAS METÁLICAS - COLOCACIÓN DE CANDADOS, CADENAS Y GUARDACANDADOS",JUNÍN,MARTÍNEZ,MARTÍNEZ,12-May,CANCELADO,CANCELADO,CANCELADO,CANCELADO,CANCELADO,,,,2608.56
MAYO,Q2,JAITAL,INFRA,OPCIÓN 1: COLOCACIÓN DE ALAMBRE DE PÚAS EN LUZ LIBRE DE CERCO PERIMÉTRICO - CAMBIO DE PLANCHA METÁLICA PARA TAPIADO DE REJILLAS EN PUERTA SALA GE - COLOCACIÓN DE CHAPA Y REPARACIÓN DE PUERTA DE MADERA DE SALA DE BATERÍAS,OPCIÓN 1: COLOCACIÓN DE ALAMBRE DE PÚAS EN LUZ LIBRE DE CERCO PERIMÉTRICO - CAMBIO DE PLANCHA METÁLICA PARA TAPIADO DE REJILLAS EN PUERTA SALA GE - COLOCACIÓN DE CHAPA Y REPARACIÓN DE PUERTA DE MADERA DE SALA DE BATERÍAS,PASCO,MARTÍNEZ,MARTÍNEZ,14-May,CANCELADO,CANCELADO,CANCELADO,CANCELADO,CANCELADO,,,,2138.99
MAYO,Q2,ANCÓN URA,INFRA,CAMBIO DE CHAPA SALA DE AIRE ACONDICIONADO - TAPIADO DE VANOS (ALBAÑILERÍA),CAMBIO DE CHAPA SALA DE AIRE ACONDICIONADO - TAPIADO DE VANOS (ALBAÑILERÍA),LIMA,VARGAS,VARGAS,16-May,CANCELADO,CANCELADO,CANCELADO,CANCELADO,CANCELADO,,,,2015.93
MAYO,Q2,CHIMBOTE CT,INFRA,LIMPIEZA Y FUMIGACIÓN EN SALA GE,LIMPIEZA Y FUMIGACIÓN EN SALA GE,ÁNCASH,VARGAS,VARGAS,16-May,ENVIADA,16-May,PENDIENTE,PENDIENTE,SIN EJECUCIÓN,,,,950.4
MAYO,Q2,EL TRIUNFO,TORRE,CAMBIO DE LÍNEA DE VIDA,CAMBIO DE LÍNEA DE VIDA,CHICLAYO,VARGAS,VARGAS,16-May,ENVIADA,17-May,PENDIENTE,PENDIENTE,SIN EJECUCIÓN,,,,1466.59
MAYO,Q2,MIRAFLORES B,TORRE,"MANTENIMIENTO A ESTRUCTURAS METÁLICAS (MÁSTILES, ESCALERILLAS)","MANTENIMIENTO A ESTRUCTURAS METÁLICAS (MÁSTILES, ESCALERILLAS)",LIMA,VARGAS,VARGAS,17-May,ENVIADA,19-May,APROBADA,20-May,EJECUTADO,31-May,18-May,27-May,3903.25
MAYO,Q2,CHIMBOTE CT,INFRA,REPARACIÓN DE TUB,REPARACIÓN DE TUB,ÁNCASH,VARGAS,VARGAS,18-May,CANCELADO,CANCELADO,CANCELADO,CANCELADO,CANCELADO,,,,2351.77
MAYO,Q2,MEIGGS,TORRE,DESMONTAJE DE EQUIPOS INOPERATIVOS (EQUIPOS EN TORRE + CABLEADO + SOPORTE) - TRASLADO DE EQUIPOS INOPERATIVOS A BUENOS AIRES URA,DESMONTAJE DE EQUIPOS INOPERATIVOS (EQUIPOS EN TORRE + CABLEADO + SOPORTE) - TRASLADO DE EQUIPOS INOPERATIVOS A BUENOS AIRES URA,ÁNCASH,VARGAS,VARGAS,18-May,ENVIADA,18-May,APROBADA,20-May,EJECUTADO,31-May,27-May,27-May,3441.28
JUNIO,Q2,BUENOS AIRES,TORRE,INSPECCIÓN + RELEVAMIENTO + EE DE TORRE,INSPECCIÓN + RELEVAMIENTO + EE DE TORRE,PIURA,VARGAS,VARGAS,14-Feb,ENVIADA,15-Feb,APROBADA,18-May,EJECUTADO,7-Jul,27-May,30-May,3565.09
JUNIO,Q2,MICAELA BASTIDAS UCV,TORRE,INSPECCIÓN + RELEVAMIENTO + EE DE TORRE,INSPECCIÓN + RELEVAMIENTO + EE DE TORRE,PIURA,VARGAS,VARGAS,14-Feb,ENVIADA,15-Feb,APROBADA,18-May,EJECUTADO,8-Jul,30-May,30-May,2270.22
JUNIO,Q2,CHISCA BLANCA,TORRE,INSPECCIÓN + RELEVAMIENTO + EE DE TORRE,INSPECCIÓN + RELEVAMIENTO + EE DE TORRE,PIURA,VARGAS,VARGAS,14-Feb,ENVIADA,15-Feb,APROBADA,18-May,EJECUTADO,7-Jul,25-May,25-May,3101.82
JUNIO,Q2,CRUZ VERDE,TORRE,INSPECCIÓN + RELEVAMIENTO + EE DE TORRE,INSPECCIÓN + RELEVAMIENTO + EE DE TORRE,PIURA,VARGAS,VARGAS,14-Feb,ENVIADA,15-Feb,APROBADA,18-May,EJECUTADO,7-Jul,26-May,26-May,3101.82
JUNIO,Q2,SECHURA,TORRE,INSPECCIÓN + RELEVAMIENTO + EE DE TORRE,INSPECCIÓN + RELEVAMIENTO + EE DE TORRE,PIURA,VARGAS,VARGAS,14-Feb,ENVIADA,15-Feb,APROBADA,18-May,EJECUTADO,8-Jul,29-May,29-May,4555.45
JUNIO,Q2,PLAZA BARRANCA NEXTEL,TORRE,ENMALLADO - FUMIGACIÓN - MTTO CORRECTIVO MÁSTIL,ENMALLADO - FUMIGACIÓN - MTTO CORRECTIVO MÁSTIL,LIMA,VARGAS,VARGAS,23-Mar,ENVIADA,24-Mar,APROBADA,2-Jun,EJECUTADO,30-Jun,15-Jun,21-Jun,3546.97
JUNIO,Q2,MERCADO COVIDA,INFRA,LIMPIEZA Y FUMIGACIÓN - IMPLEMENTACIÓN DE COBERTURA ETERNIT (PLANCHAS DE FIBROCEMENTO CON VIGUETERÍA DE MADERA) - ENMALLADO DE LUZ PERIMETRAL (LUZ ENTRE COBERTURA Y NIVEL DE MURO DE DRYWALL) DE SALA DE EQUIPOS,LIMPIEZA Y FUMIGACIÓN - IMPLEMENTACIÓN DE COBERTURA ETERNIT (PLANCHAS DE FIBROCEMENTO CON VIGUETERÍA DE MADERA) - ENMALLADO DE LUZ PERIMETRAL (LUZ ENTRE COBERTURA Y NIVEL DE MURO DE DRYWALL) DE SALA DE EQUIPOS,LIMA,ISTEY,ISTEY,4-May,ENVIADA,4-May,PENDIENTE,PENDIENTE,SIN EJECUCIÓN,,,,5200.22
JUNIO,Q2,EL ALTO REP,INFRA,ENREJADO Y ENMALLADO DE VANOS EN SALA DE EQUIPOS Y SHELTER OUTDOOR,ENREJADO Y ENMALLADO DE VANOS EN SALA DE EQUIPOS Y SHELTER OUTDOOR,PIURA,ISTEY,ISTEY,4-May,ENVIADA,5-May,PENDIENTE,PENDIENTE,SIN EJECUCIÓN,,,,2500
JUNIO,Q2,VICTORIA URA,INFRA,CAMBIO DE CHAPA (DE CHAPA EMBUTIR A CHAPA SIMPLE) - ADECUACIONES EN PUERTA PARA INSTALACIÓN DE NUEVA CHAPA SIMPLE,CAMBIO DE CHAPA SIMPLE,LIMA,ISTEY,ISTEY,4-May,ENVIADA,6-May,PENDIENTE,PENDIENTE,SIN EJECUCIÓN,,,,416.6
JUNIO,Q2,ANEXO SANTA ROSA,TORRE,MTTO CORRECTIVO TORRE AUTOSOPORTADA H=30M - CAMBIO DE PERNERÍA EN TORRE,MTTO CORRECTIVO TORRE AUTOSOPORTADA H=30M - CAMBIO DE PERNERÍA EN TORRE,CHICLAYO,VARGAS,VARGAS,10-May,ENVIADA,12-May,APROBADA,2-Jun,EJECUTADO,4-Jul,22-Jun,28-Jun,11210.5
JUNIO,Q2,JATÚN RUMI,INFRA,COLOCACIÓN DE CANDADOS - CAMBIO DE CHAPAS - TAPIADO DE VANO,COLOCACIÓN DE CANDADOS - CAMBIO DE CHAPAS - TAPIADO DE VANO,JUNÍN,MARTÍNEZ,MARTÍNEZ,11-May,ENVIADA,12-May,APROBADA,24-May,EJECUTADO,30-Jun,24-Jun,24-Jun,1756.95
JUNIO,Q2,TRAMPAJASE,INFRA,"OPCIÓN 2: CAMBIO DE CHAPAS - REPARACIÓN DE DERRAME DE VANO DE PUERTA - CAMBIO DE PUERTA METÁLICA DOBLE HOJA DE SALA DE EQUIPOS - COLOCACIÓN DE CANDADOS, CADENAS Y GUARDACANDADOS","OPCIÓN 2: CAMBIO DE CHAPAS - REPARACIÓN DE DERRAME DE VANO DE PUERTA - CAMBIO DE PUERTA METÁLICA DOBLE HOJA DE SALA DE EQUIPOS - COLOCACIÓN DE CANDADOS, CADENAS Y GUARDACANDADOS",JUNÍN,MARTÍNEZ,MARTÍNEZ,12-May,ENVIADA,18-May,APROBADA,24-May,EJECUTADO,20-Jun,14-Jun,18-Jun,4573.64
JUNIO,Q2,JAITAL,INFRA,OPCIÓN 2: COLOCACIÓN DE ALAMBRE DE PÚAS EN LUZ LIBRE DE CERCO PERIMÉTRICO - CAMBIO DE PLANCHA METÁLICA PARA TAPIADO DE REJILLAS EN PUERTA SALA GE - CAMBIO DE PUERTA DE MADERA A PUERTA METÁLICA CONTRAPLACADA EN SALA DE BATERÍAS,OPCIÓN 2: COLOCACIÓN DE ALAMBRE DE PÚAS EN LUZ LIBRE DE CERCO PERIMÉTRICO - CAMBIO DE PLANCHA METÁLICA PARA TAPIADO DE REJILLAS EN PUERTA SALA GE - CAMBIO DE PUERTA DE MADERA A PUERTA METÁLICA CONTRAPLACADA EN SALA DE BATERÍAS,PASCO,MARTÍNEZ,MARTÍNEZ,14-May,ENVIADA,14-May,APROBADA,25-May,EJECUTADO,23-Jun,10-Jun,21-Jun,3970.88
JUNIO,Q2,CEMENTOS LIMA,INFRA,CAMBIO DE PUERTA METÁLICA DOBLE HOJA CONTRAPLACADA,CAMBIO DE PUERTA METÁLICA DOBLE HOJA CONTRAPLACADA,LIMA,VARGAS,VARGAS,16-May,ENVIADA,16-May,APROBADA,20-May,EJECUTADO,9-Jun,28-May,8-Jun,3786.01
JUNIO,Q2,HUARMEY URA,INFRA,ENCUADRE DE PUERTA DOBLE HOJA METÁLICA,ENCUADRE DE PUERTA DOBLE HOJA METÁLICA,ÁNCASH,VARGAS,VARGAS,16-May,ENVIADA,16-May,APROBADA,26-May,EJECUTADO,7-Jun,6-Jun,6-Jun,560.93
JUNIO,Q2,CEMENTOS LIMA,TORRE,INSPECCIÓN DE TORRE AUTOSOPORTADA H=35M,INSPECCIÓN DE TORRE AUTOSOPORTADA H=35M,LIMA,VARGAS,VARGAS,16-May,ENVIADA,19-May,APROBADA,3-Jun,EJECUTADO,14-Jun,8-Jun,8-Jun,829.14
JUNIO,Q2,SAYÁN URA,INFRA,CAMBIO DE TANQUE ELEVADO + CAMBIO DE ACCESORIOS DE TANQUE DE INODORO + CAMBIO DE TUB DE ABASTO DE INODORO,CAMBIO DE TANQUE ELEVADO + CAMBIO DE ACCESORIOS DE TANQUE DE INODORO + CAMBIO DE TUB DE ABASTO DE INODORO,LIMA,VARGAS,VARGAS,24-May,ENVIADA,1-Jun,PENDIENTE,PENDIENTE,SIN EJECUCIÓN,,,,2063.23
JUNIO,Q2,JUNÍN REP,INFRA,"TAPIADO DE REJILLAS (POR AMBOS CARAS, PUERTAS SALAS GE Y ESCLUSA) - CAMBIO DE CHAPAS - ASEGURAMIENTO DE PICAPORTE INFERIOR DE PUERTA GE - ASEGURAMIENTO DE TAMBOR DE CHAPA PUERTA ESCLUSA - TAPIADO DE FORADOS EN MUROS - ENREJADO DE VANO Y COLOCACIÓN DE VIDRIO SIMPLE EN VENTANA DE AMBIENTE CORPAC","TAPIADO DE REJILLAS (POR AMBOS CARAS, PUERTAS SALAS GE Y ESCLUSA) - CAMBIO DE CHAPAS - ASEGURAMIENTO DE PICAPORTE INFERIOR DE PUERTA GE - ASEGURAMIENTO DE TAMBOR DE CHAPA PUERTA ESCLUSA - TAPIADO DE FORADOS EN MUROS - ENREJADO DE VANO Y COLOCACIÓN DE VIDRIO SIMPLE EN VENTANA DE AMBIENTE CORPAC",JUNÍN,MARTÍNEZ,MARTÍNEZ,27-May,ENVIADA,1-Jun,PENDIENTE,PENDIENTE,SIN EJECUCIÓN,,,,6652.14
JUNIO,Q2,CHIMBOTE CT,TORRE,"MANTIEMIENTO CORRECTIVO A ESCALERILLAS EN TORRE - PARCHADO DE TUB EN ALTURA, H=7M - REACOMODO DE CABLES QUE PASAN POR ESCALERILLAS OUTDOOR (QUEDARÁN ORDENADOS)","MANTIEMIENTO CORRECTIVO A ESCALERILLAS EN TORRE - PARCHADO DE TUB EN ALTURA, H=7M - REACOMODO DE CABLES QUE PASAN POR ESCALERILLAS OUTDOOR (QUEDARÁN ORDENADOS)",ÁNCASH,VARGAS,VARGAS,6-Jun,ENVIADA,7-Jun,PENDIENTE,PENDIENTE,SIN EJECUCIÓN,,,,3127.37
JUNIO,Q2,CEMENTOS LIMA,INFRA,OPCIÓN 1: CONSTRUCCIÓN DE VIGA DINTEL,OPCIÓN 1: CONSTRUCCIÓN DE VIGA DINTEL,LIMA,VARGAS,VARGAS,8-Jun,CANCELADO,CANCELADO,CANCELADO,CANCELADO,CANCELADO,,,,3631.02
JUNIO,Q2,CEMENTOS LIMA,INFRA,OPCIÓN 2: RECONSTRUCCIÓN DE DINTEL EXISTENTE CON MORTERO,OPCIÓN 2: RECONSTRUCCIÓN DE DINTEL EXISTENTE CON MORTERO,LIMA,VARGAS,VARGAS,8-Jun,ENVIADA,9-Jun,APROBADA,14-Jun,EJECUTADO,20-Jun,18-Jun,20-Jun,2100
JUNIO,Q2,CORRAL DE PIEDRA,TORRE,MTTO CORRECTIVO TORRE AUTOSOPORTADA H=15M - CAMBIO DE PERNERÍA EN TORRE - CAMBIO DE LÍNEA DE VIDA Y ACCESORIOS,MTTO CORRECTIVO TORRE AUTOSOPORTADA H=15M - CAMBIO DE PERNERÍA EN TORRE - CAMBIO DE LÍNEA DE VIDA Y ACCESORIOS,CHICLAYO,VARGAS,VARGAS,17-Jun,ENVIADA,17-Jun,PENDIENTE,PENDIENTE,SIN EJECUCIÓN,,,,6739.32
JUNIO,Q2,UNP PIURA,TORRE,MTTO CORRECTIVO TORRE AUTOSOPORTADA H=18.20M - CAMBIO DE LÍNEA DE VIDA Y ACCESORIOS,MTTO CORRECTIVO TORRE AUTOSOPORTADA H=18.20M - CAMBIO DE LÍNEA DE VIDA Y ACCESORIOS,PIURA,VARGAS,VARGAS,17-Jun,ENVIADA,17-Jun,PENDIENTE,PENDIENTE,SIN EJECUCIÓN,,,,6863.74
JULIO,Q3,4G_BAGAZAN_900,TORRE,INSPECCIÓN + RELEVAMIENTO + EE DE TORRE,INSPECCIÓN + RELEVAMIENTO + EE DE TORRE,LAMAS,VARGAS,VARGAS,24-Jun,ENVIADA,24-Jun,APROBADA,24-Jun,EJECUTADO,15-Jul,5-Jul,6-Jul,4011.13
JULIO,Q3,4G_SELVA_ALEGRE_900,TORRE,INSPECCIÓN + RELEVAMIENTO + EE DE TORRE,INSPECCIÓN + RELEVAMIENTO + EE DE TORRE,MOYOBAMBA,VARGAS,VARGAS,24-Jun,ENVIADA,24-Jun,APROBADA,24-Jun,EJECUTADO,1-Aug,10-Jul,11-Jul,4555.45
JULIO,Q3,4G_ERMO_LEJIA_900,TORRE,INSPECCIÓN + RELEVAMIENTO + EE DE TORRE,INSPECCIÓN + RELEVAMIENTO + EE DE TORRE,LAMAS,VARGAS,VARGAS,24-Jun,ENVIADA,24-Jun,APROBADA,24-Jun,EJECUTADO,15-Jul,7-Jul,8-Jul,3565.09
JULIO,Q3,FAP_TALARA,TORRE,INSPECCIÓN + RELEVAMIENTO + EE DE TORRE,INSPECCIÓN + RELEVAMIENTO + EE DE TORRE,PIURA,VARGAS,VARGAS,24-Jun,CANCELADO,CANCELADO,CANCELADO,CANCELADO,CANCELADO,,,,3003.54
JULIO,Q3,REAL_PLAZA_CHICLAYO,TORRE,INSPECCIÓN DE TORRE (MÁSTILES),INSPECCIÓN DE TORRE (MÁSTILES),CHICLAYO,VARGAS,VARGAS,24-Jun,CANCELADO,CANCELADO,CANCELADO,CANCELADO,CANCELADO,,,,1037.94
JULIO,Q3,EBC_PROLONGACION_HUALLAGA,TORRE,INSPECCIÓN + RELEVAMIENTO + EE DE TORRE,INSPECCIÓN + RELEVAMIENTO + EE DE TORRE,TARAPOTO,VARGAS,VARGAS,24-Jun,ENVIADA,24-Jun,APROBADA,24-Jun,EJECUTADO,27-Jul,9-Jul,9-Jul,3101.82
JULIO,Q3,REPETIDOR 2,TORRE,INSPECCIÓN DE TORRE H=36M,INSPECCIÓN DE TORRE H=36M,CHICLAYO,VARGAS,VARGAS,24-Jun,CANCELADO,CANCELADO,CANCELADO,CANCELADO,CANCELADO,,,,790
JULIO,Q3,REPETIDOR 4,TORRE,INSPECCIÓN DE TORRE H=48M,INSPECCIÓN DE TORRE H=48M,CHICLAYO,VARGAS,VARGAS,24-Jun,CANCELADO,CANCELADO,CANCELADO,CANCELADO,CANCELADO,,,,790
JULIO,Q3,REPETIDOR CONGONA,TORRE,INSPECCIÓN DE TORRE H=15M,INSPECCIÓN DE TORRE H=15M,CHICLAYO,VARGAS,VARGAS,24-Jun,CANCELADO,CANCELADO,CANCELADO,CANCELADO,CANCELADO,,,,790
JULIO,Q3,CRUZ VERDE,TORRE,MTTO CORRECTIVO TORRE AUTOSOPORTADA H=30M - SUMINISTRO E INSTALACIÓN DE BALIZAS SOLARES - CAMBIO DE GRAPAS DE LÍNEA DE VIDA - REPOSICIÓN DE SISTEMA DE ATERRAMIENTO DE TORRE (PARARRAYOS) - REPOSICIÓN Y ENGRASE DE BARRAS,MTTO CORRECTIVO TORRE AUTOSOPORTADA H=30M - SUMINISTRO E INSTALACIÓN DE BALIZAS SOLARES - CAMBIO DE GRAPAS DE LÍNEA DE VIDA - REPOSICIÓN DE SISTEMA DE ATERRAMIENTO DE TORRE (PARARRAYOS) - REPOSICIÓN Y ENGRASE DE BARRAS,PIURA,VARGAS,VARGAS,27-Jun,ENVIADA,28-Jun,PENDIENTE,PENDIENTE,SIN EJECUCIÓN,,,,16167.31
JULIO,Q3,CHISCA BLANCA,TORRE,MTTO CORRECTIVO TORRE AUTOSOPORTADA H=30M - CAMBIO DE SISTEMA DE BALIZAJE - CAMBIO DE LÍNEA DE VIDA - CAMBIO DE CABLE DE BAJA DE PARARRAYOS - REPOSICIÓN DE CABLE DE ATERRAMIENTO DE EQUIPOS - REPOSICIÓN Y ENGRASE DE BARRAS,MTTO CORRECTIVO TORRE AUTOSOPORTADA H=30M - CAMBIO DE SISTEMA DE BALIZAJE - CAMBIO DE LÍNEA DE VIDA - CAMBIO DE CABLE DE BAJA DE PARARRAYOS - REPOSICIÓN DE CABLE DE ATERRAMIENTO DE EQUIPOS - REPOSICIÓN Y ENGRASE DE BARRAS,PIURA,VARGAS,VARGAS,27-Jun,ENVIADA,28-Jun,PENDIENTE,PENDIENTE,SIN EJECUCIÓN,,,,14711.38
JULIO,Q3,BUENOS AIRES,TORRE,MTTO CORRECTIVO TORRE AUTOSOPORTADA H=54M - CAMBIO DE SISTEMA DE BALIZAJE - CAMBIO DE LÍNEA DE VIDA - ENGRASE DE BARRAS,MTTO CORRECTIVO TORRE AUTOSOPORTADA H=54M - CAMBIO DE SISTEMA DE BALIZAJE - CAMBIO DE LÍNEA DE VIDA - ENGRASE DE BARRAS,PIURA,VARGAS,VARGAS,27-Jun,ENVIADA,28-Jun,PENDIENTE,PENDIENTE,SIN EJECUCIÓN,,,,35409.9
JULIO,Q3,MICAELA BASTIDAS UCV,TORRE,MTTO CORRECTIVO TORRE MONOPOSTE H=11M - INSTALACIÓN DE SISTEMA DE BALIZAJE - INSTALACIÓN DE LÍNEA DE VIDA - INSTALACIÓN DE SISTEMA DE ATERRAMIENTO DE TORRE Y EQUIPOS - ENGRASE DE BARRAS,MTTO CORRECTIVO TORRE MONOPOSTE H=11M - INSTALACIÓN DE SISTEMA DE BALIZAJE - INSTALACIÓN DE LÍNEA DE VIDA - INSTALACIÓN DE SISTEMA DE ATERRAMIENTO DE TORRE Y EQUIPOS - ENGRASE DE BARRAS,PIURA,VARGAS,VARGAS,27-Jun,PENDIENTE,PENDIENTE,PENDIENTE,PENDIENTE,SIN EJECUCIÓN,,,,-   
JULIO,Q3,SECHURA,TORRE,MTTO CORRECTIVO TORRE AUTOSOPORTADA H=65M,MTTO CORRECTIVO TORRE AUTOSOPORTADA H=65M,PIURA,VARGAS,VARGAS,27-Jun,PENDIENTE,PENDIENTE,PENDIENTE,PENDIENTE,SIN EJECUCIÓN,,,,-   
JULIO,Q3,TRES CRUCES,INFRA,"CAMBIO DE CHAPAS SIMPLES - COLOCACIÓN DE CANDADOS, CADENAS Y GUARDACANDADOS",CAMBIO DE CHAPA SIMPLE,TRUJILLO,MARTÍNEZ,MARTÍNEZ,7-Jul,ENVIADA,9-Jul,APROBADA,11-Jul,EJECUTADO,4-Aug,22-Jul,22-Jul,1315
JULIO,Q3,HUANCHACO,INFRA,CAMBIO DE CHAPA SIMPLE,CAMBIO DE CHAPA SIMPLE,TRUJILLO,MARTÍNEZ,MARTÍNEZ,7-Jul,ENVIADA,9-Jul,APROBADA,11-Jul,SIN EJECUCIÓN,,,,285
JULIO,Q3,SARAMURO,INFRA,SOLDADO DE REJA SINIESTRADA - COLOCACIÓN DE CANDADO Y CADENA EN PUERTA PRINCIPAL,SOLDADO DE REJA SINIESTRADA - COLOCACIÓN DE CANDADO Y CADENA EN PUERTA PRINCIPAL,IQUITOS,VARGAS,VARGAS,19-Jul,ENVIADA,21-Jul,PENDIENTE,PENDIENTE,SIN EJECUCIÓN,,,,2170.79
JULIO,Q3,NUEVA FORTUNA,INFRA,CAMBIO DE CANDADO EN PUERTA PRINCIPAL,CAMBIO DE CANDADO EN PUERTA PRINCIPAL,IQUITOS,VARGAS,VARGAS,19-Jul,ENVIADA,21-Jul,PENDIENTE,PENDIENTE,SIN EJECUCIÓN,,,,765.89
JULIO,Q3,BAGAZÁN,TORRE,MTTO CORRECTIVO TORRE AUTOSOPORTADA H=54M - CAMBIO DE SISTEMA DE BALIZAJE (SOLAR) - REPOSICIÓN DE SISTEMA DE ATERRAMIENTO DE TORRE (PARARRAYOS) Y EQUIPOS - REPOSICIÓN Y ENGRASE DE BARRAS,MTTO CORRECTIVO TORRE AUTOSOPORTADA H=54M - CAMBIO DE SISTEMA DE BALIZAJE (SOLAR) - REPOSICIÓN DE SISTEMA DE ATERRAMIENTO DE TORRE (PARARRAYOS) Y EQUIPOS - REPOSICIÓN Y ENGRASE DE BARRAS,LAMAS,VARGAS,VARGAS,22-Jul,ENVIADA,22-Jul,PENDIENTE,PENDIENTE,SIN EJECUCIÓN,,,,41318.72
JULIO,Q3,LEJÍA ERMO,TORRE,MTTO CORRECTIVO TORRE AUTOSOPORTADA H=45M - CAMBIO DE SISTEMA DE BALIZAJE (CON RELOJ) - CAMBIO DE ACCESORIOS DE LÍNEA DE VIDA - REPOSICIÓN DE SISTEMA DE ATERRAMIENTO DE TORRE (PARARRAYOS) Y EQUIPOS - REPOSICIÓN Y ENGRASE DE BARRAS,MTTO CORRECTIVO TORRE AUTOSOPORTADA H=45M - CAMBIO DE SISTEMA DE BALIZAJE (CON RELOJ) - CAMBIO DE ACCESORIOS DE LÍNEA DE VIDA - REPOSICIÓN DE SISTEMA DE ATERRAMIENTO DE TORRE (PARARRAYOS) Y EQUIPOS - REPOSICIÓN Y ENGRASE DE BARRAS,LAMAS,VARGAS,VARGAS,22-Jul,ENVIADA,22-Jul,PENDIENTE,PENDIENTE,SIN EJECUCIÓN,,,,31935.09
JULIO,Q3,PROLONGACIÓN HUALLAGA,TORRE,MTTO CORRECTIVO TORRE AUTOSOPORTADA H=25M - CAMBIO DE SISTEMA DE BALIZAJE (CON RELOJ) - CAMBIO DE ACCESORIOS DE LÍNEA DE VIDA - REPOSICIÓN DE SISTEMA DE ATERRAMIENTO DE TORRE (PARARRAYOS) Y EQUIPOS - ENGRASE DE BARRAS,MTTO CORRECTIVO TORRE AUTOSOPORTADA H=25M - CAMBIO DE SISTEMA DE BALIZAJE (CON RELOJ) - CAMBIO DE ACCESORIOS DE LÍNEA DE VIDA - REPOSICIÓN DE SISTEMA DE ATERRAMIENTO DE TORRE (PARARRAYOS) Y EQUIPOS - ENGRASE DE BARRAS,TARAPOTO,VARGAS,VARGAS,22-Jul,ENVIADA,22-Jul,PENDIENTE,PENDIENTE,SIN EJECUCIÓN,,,,11480.76
JULIO,Q3,SELVA ALEGRE,TORRE,MTTO CORRECTIVO TORRE AUTOSOPORTADA H=72M - CAMBIO DE SISTEMA DE BALIZAJE (SOLAR) - CAMBIO DE ACCESORIOS DE LÍNEA DE VIDA - REPOSICIÓN DE SISTEMA DE ATERRAMIENTO DE TORRE (PARARRAYOS) Y EQUIPOS - ENGRASE DE BARRAS,MTTO CORRECTIVO TORRE AUTOSOPORTADA H=72M - CAMBIO DE SISTEMA DE BALIZAJE (SOLAR) - CAMBIO DE ACCESORIOS DE LÍNEA DE VIDA - REPOSICIÓN DE SISTEMA DE ATERRAMIENTO DE TORRE (PARARRAYOS) Y EQUIPOS - ENGRASE DE BARRAS,MOYOBAMBA,VARGAS,VARGAS,22-Jul,ENVIADA,22-Jul,PENDIENTE,PENDIENTE,SIN EJECUCIÓN,,,,50266.4
AGOSTO,Q3,REVILLA,TORRE,INSPECCIÓN DE TORRE (MÁSTILES),INSPECCIÓN DE TORRE (MÁSTILES),CAJAMARCA,VARGAS,VARGAS,24-Jun,ENVIADA,24-Jun,APROBADA,24-Jun,EJECUTADO,22-Aug,11-Aug,11-Aug,1037.94
AGOSTO,Q3,REAL_PLAZA_CAJAMARCA,TORRE,INSPECCIÓN DE TORRE (MÁSTILES),INSPECCIÓN DE TORRE (MÁSTILES),CAJAMARCA,VARGAS,VARGAS,24-Jun,ENVIADA,24-Jun,APROBADA,24-Jun,EJECUTADO,22-Aug,11-Aug,11-Aug,1037.94
AGOSTO,Q3,LOS_ROSALES_PI,TORRE,INSPECCIÓN DE TORRE (MONOPOSTE H<10M),INSPECCIÓN DE TORRE (MONOPOSTE H<10M),PIURA,VARGAS,VARGAS,24-Jun,ENVIADA,24-Jun,APROBADA,24-Jun,EJECUTADO,25-Aug,12-Aug,12-Aug,1037.94
AGOSTO,Q3,LA_TORRE,TORRE,INSPECCIÓN DE TORRE (MÁSTILES),INSPECCIÓN DE TORRE (MÁSTILES),PIURA,VARGAS,VARGAS,24-Jun,ENVIADA,24-Jun,APROBADA,24-Jun,EJECUTADO,25-Aug,12-Aug,12-Aug,1037.94
AGOSTO,Q3,IZCUCHACA (LOMA ANTA),INFRA,SUMINISTRO E INSTALACIÓN DE EXTINTORES - SUMINISTRO E INSTALACIÓN DE LUCES DE EMERGENCIA - CAMBIO DE CHAPA SALA GE - REAPARACIÓN DE AGRIETAMIENTO EN MUROS SALA GE - CAMBIO DE COLUMNAS EN CERCO PERIMÉTRICO - DESMALEZADO,SUMINISTRO E INSTALACIÓN DE EXTINTORES - SUMINISTRO E INSTALACIÓN DE LUCES DE EMERGENCIA - CAMBIO DE CHAPA SALA GE - REAPARACIÓN DE AGRIETAMIENTO EN MUROS SALA GE - CAMBIO DE COLUMNAS EN CERCO PERIMÉTRICO - DESMALEZADO,CUSCO,MARTÍNEZ/URBINA ARIBA,MARTÍNEZ,1-Aug,ENVIADA,10-Aug,PENDIENTE,PENDIENTE,SIN EJECUCIÓN,,,,33870.57
AGOSTO,Q3,REP-SANPEDRO,TORRE,INSPECCIÓN + RELEVAMIENTO + EE DE TORRE,INSPECCIÓN + RELEVAMIENTO + EE DE TORRE,LAMAS,VARGAS/URBINA ARIBA,VARGAS,2-Aug,ENVIADA,2-Aug,PENDIENTE,PENDIENTE,SIN EJECUCIÓN,,,,3565.09
AGOSTO,Q3,REP-SANJOSÉ,TORRE,INSPECCIÓN + RELEVAMIENTO + EE DE TORRE,INSPECCIÓN + RELEVAMIENTO + EE DE TORRE,LAMAS,VARGAS/URBINA ARIBA,VARGAS,2-Aug,ENVIADA,2-Aug,PENDIENTE,PENDIENTE,SIN EJECUCIÓN,,,,3565.09
AGOSTO,Q3,REP-SANFERNANDO,TORRE,INSPECCIÓN + RELEVAMIENTO + EE DE TORRE,INSPECCIÓN + RELEVAMIENTO + EE DE TORRE,LAMAS,VARGAS/URBINA ARIBA,VARGAS,2-Aug,ENVIADA,2-Aug,PENDIENTE,PENDIENTE,SIN EJECUCIÓN,,,,3565.09
AGOSTO,Q3,4G_GOZEN_900,TORRE,INSPECCIÓN + RELEVAMIENTO + EE DE TORRE,INSPECCIÓN + RELEVAMIENTO + EE DE TORRE,LAMAS,VARGAS/URBINA ARIBA,VARGAS,2-Aug,ENVIADA,2-Aug,PENDIENTE,PENDIENTE,SIN EJECUCIÓN,,,,3565.09
AGOSTO,Q3,FAP_TALARA,TORRE,INSPECCIÓN + RELEVAMIENTO + EE DE TORRE,INSPECCIÓN + RELEVAMIENTO + EE DE TORRE,PIURA,VARGAS/URBINA ARIBA,VARGAS,2-Aug,ENVIADA,2-Aug,PENDIENTE,PENDIENTE,SIN EJECUCIÓN,,,,3003.54
AGOSTO,Q3,REAL_PLAZA_CHICLAYO,TORRE,INSPECCIÓN DE TORRE (MÁSTILES),INSPECCIÓN DE TORRE (MÁSTILES),CHICLAYO,VARGAS/URBINA ARIBA,VARGAS,2-Aug,ENVIADA,2-Aug,PENDIENTE,PENDIENTE,SIN EJECUCIÓN,,,,1037.94
AGOSTO,Q3,REPETIDOR 2,TORRE,INSPECCIÓN DE TORRE H=36M,INSPECCIÓN DE TORRE H=36M,CHICLAYO,VARGAS/URBINA ARIBA,VARGAS,2-Aug,ENVIADA,2-Aug,PENDIENTE,PENDIENTE,SIN EJECUCIÓN,,,,790
AGOSTO,Q3,REPETIDOR 4,TORRE,INSPECCIÓN DE TORRE H=48M,INSPECCIÓN DE TORRE H=48M,CHICLAYO,VARGAS/URBINA ARIBA,VARGAS,2-Aug,ENVIADA,2-Aug,PENDIENTE,PENDIENTE,SIN EJECUCIÓN,,,,790
AGOSTO,Q3,REPETIDOR CONGONA,TORRE,INSPECCIÓN DE TORRE H=15M,INSPECCIÓN DE TORRE H=15M,CHICLAYO,VARGAS/URBINA ARIBA,VARGAS,2-Aug,ENVIADA,2-Aug,PENDIENTE,PENDIENTE,SIN EJECUCIÓN,,,,790
AGOSTO,Q3,CLINICA DELGADO,TORRE,INSPECCIÓN DE TORRE (MÁSTILES),INSPECCIÓN DE TORRE (MÁSTILES),LIMA,VARGAS/URBINA ARIBA,VARGAS,2-Aug,ENVIADA,2-Aug,PENDIENTE,PENDIENTE,SIN EJECUCIÓN,,,,1037.94
AGOSTO,Q3,ETÉN,TORRE,INSPECCIÓN DE TORRE AUTOSOPORTADA H=65M,INSPECCIÓN DE TORRE AUTOSOPORTADA H=65M,CHICLAYO,VARGAS/URBINA ARIBA,VARGAS,5-Aug,ENVIADA,5-Aug,PENDIENTE,PENDIENTE,SIN EJECUCIÓN,,,,1214.68
AGOSTO,Q3,CAMINO REAL 155,INFRA,REPARACIONES EN FALSO PISO (TÉCNICO) Y FALSO CIELORRASO SALA ADSL,REPARACIONES EN FALSO PISO (TÉCNICO) Y FALSO CIELORRASO SALA ADSL,LIMA,VARGAS/URBINA ARIBA,VARGAS,5-Aug,ENVIADA,19-Aug,PENDIENTE,PENDIENTE,SIN EJECUCIÓN,,,,10326.5
AGOSTO,Q3,SURQUILLO,INFRA,REPARACIÓN DE FORADO EN MURO 3B,REPARACIÓN DE FORADO EN MURO 3B,LIMA,VARGAS/URBINA ARIBA,VARGAS,5-Aug,ENVIADA,19-Aug,APROBADA,1-Sep,EJECUTADO,5-Oct,22-Sep,22-Sep,1322.02
AGOSTO,Q3,TORRES CERCA AL MAR,TORRE,INSPECCIÓN DE SOPORTES Y ABRAZADERAS DE EQUIPOS EN TORRE - EVALUACIÓN DE OPERATIVIDAD DE EQUIPOS EN TORRE,INSPECCIÓN DE SOPORTES Y ABRAZADERAS DE EQUIPOS EN TORRE - EVALUACIÓN DE OPERATIVIDAD DE EQUIPOS EN TORRE,VARIOS,VARGAS/URBINA ARIBA,VARGAS,5-Aug,ENVIADA,9-Aug,PENDIENTE,PENDIENTE,SIN EJECUCIÓN,,,,13062.51
AGOSTO,Q3,IC00066,INFRA,CAMBIO DE CHAPA SIMPLE SALA DE EQUIPOS,CAMBIO DE CHAPA SIMPLE,ICA,VARGAS/URBINA ARIBA,VARGAS,11-Aug,CANCELADO (ASIGNADO A OTRO PROVEEDOR),11-Aug,CANCELADO,CANCELADO,CANCELADO,,,,298.84
AGOSTO,Q3,LA PRADERA,TORRE,CAMBIO DE LÍNEA DE VIDA EN TORRE H=15M,CAMBIO DE LÍNEA DE VIDA EN TORRE H=15M,CHICLAYO,VARGAS/URBINA ARIBA,VARGAS,11-Aug,ENVIADA,11-Aug,PENDIENTE,PENDIENTE,SIN EJECUCIÓN,,,,879.08
AGOSTO,Q3,CEMENTOS PACASMAYO,TORRE,MANTENIMIENTO CORRECTIVO TORRE H=27M - CAMBIO Y ENGRASE DE VIENTOS - CAMBIO DE LÍNEA DE VIDA,MANTENIMIENTO CORRECTIVO TORRE H=27M - CAMBIO Y ENGRASE DE VIENTOS - CAMBIO DE LÍNEA DE VIDA,TRUJILLO,VARGAS/URBINA ARIBA,VARGAS,11-Aug,CANCELADO,CANCELADO,CANCELADO,CANCELADO,CANCELADO,,,,-   
AGOSTO,Q3,JUNÍN URA,TORRE,"ADECUACIÓN DE LÍNEA DE VIDA, DE UN TRAMO A 2 TRAMOS, EN TORRE H=70M","ADECUACIÓN DE LÍNEA DE VIDA, DE UN TRAMO A 2 TRAMOS, EN TORRE H=70M",HUANCAYO,VARGAS/URBINA ARIBA,VARGAS,15-Aug,ENVIADA,19-Aug,PENDIENTE,PENDIENTE,SIN EJECUCIÓN,,,,2717.15
AGOSTO,Q3,CERRO CLARITA ERMO,INFRA,REPARACIÓN DE PUERTA METÁLICA - CAMBIO DE CHAPA SIMPLE,CAMBIO DE CHAPA SIMPLE,LIMA,VARGAS/URBINA ARIBA,VARGAS,15-Aug,CANCELADO,CANCELADO,CANCELADO,CANCELADO,CANCELADO,,,,837.48
AGOSTO,Q3,HUARI URA,INFRA,MEJORAS EN INFRAESTRUCTURA (REPARACIÓN CERCO ELÉCTRICO - RESANE Y PINTADO DE MUROS DE SALA DE EQUIPOS - RESANE Y PINTADO DE MUROS DE CERCO PERIMÉTRICO - RECARGA EXTINTOR),MEJORAS EN INFRAESTRUCTURA (REPARACIÓN CERCO ELÉCTRICO - RESANE Y PINTADO DE MUROS DE SALA DE EQUIPOS - RESANE Y PINTADO DE MUROS DE CERCO PERIMÉTRICO - RECARGA EXTINTOR),ÁNCASH,VARGAS/URBINA ARIBA,VARGAS,15-Aug,PENDIENTE,PENDIENTE,PENDIENTE,PENDIENTE,SIN EJECUCIÓN,,,,-   
AGOSTO,Q3,SIALUPE HUAMANTANGA,INFRA,DESMALEZADO,DESMALEZADO,CHICLAYO,VARGAS/URBINA ARIBA,VARGAS,15-Aug,ENVIADA,19-Aug,PENDIENTE,PENDIENTE,SIN EJECUCIÓN,,,,674.6
AGOSTO,Q3,AV IQUITOS,INFRA,DESMONTAJE Y RETIRO DE GABINETE,DESMONTAJE Y RETIRO DE GABINETE,LIMA,CHIPANA/URBINA ARIBA,CHIPANA,15-Aug,ENVIADA,19-Aug,PENDIENTE,PENDIENTE,SIN EJECUCIÓN,,,,900
AGOSTO,Q3,ALMACEN_SEBASTIAN_REEM,INFRA,"CAMBIO DE CHAPA SIMPLE SALA BATERÍAS - INSTALACIÓN DE CANDADOS EN PUERTAS SALA GE, SALA SE, SALA BATERÍAS Y SALA MDF - MANTENIMIENTO A CONCERTINA","CAMBIO DE CHAPA SIMPLE SALA BATERÍAS - INSTALACIÓN DE CANDADOS EN PUERTAS SALA GE, SALA SE, SALA BATERÍAS Y SALA MDF - MANTENIMIENTO A CONCERTINA",PIURA,MARTÍNEZ/KAPUSTÍN ARIBA,MARTÍNEZ,16-Aug,ENVIADA,17-Aug,PENDIENTE,PENDIENTE,SIN EJECUCIÓN,,,,1302.46
AGOSTO,Q3,AGOPITI,INFRA,"FUMIGACIÓN Y DESRATIZACIÓN - LIMPIEZA DE SALAS, GABINETES Y CABLEADOS","FUMIGACIÓN Y DESRATIZACIÓN - LIMPIEZA DE SALAS, GABINETES Y CABLEADOS",CAJAMARCA,VARGAS/URBINA ARIBA,VARGAS,16-Aug,ENVIADA,17-Aug,PENDIENTE,PENDIENTE,SIN EJECUCIÓN,,,,2249.73
AGOSTO,Q3,QEQRA,INFRA,CAMBIO DE CHAPA SIMPLE EN PUERTA DE SHELTER,CAMBIO DE CHAPA SIMPLE,AYACUCHO,MARTÍNEZ/KAPUSTÍN ARIBA,MARTÍNEZ,16-Aug,ENVIADA,18-Aug,PENDIENTE,PENDIENTE,SIN EJECUCIÓN,,,,989.64
AGOSTO,Q3,TAMBO DE MORA,INFRA,LIMPIEZA INTEGRAL DE URA,LIMPIEZA INTEGRAL DE URA,ICA,VARGAS/URBINA ARIBA,VARGAS,16-Aug,ENVIADA,18-Aug,PENDIENTE,PENDIENTE,SIN EJECUCIÓN,,,,528.55
AGOSTO,Q3,LOCALES AMAZONAS,INFRA,VERIFICACIÓN DE DIRECCIONES Y EXISTENCIA DE 4 LOCALES,VERIFICACIÓN DE DIRECCIONES Y EXISTENCIA DE 4 LOCALES,AMAZONAS,VARGAS/URBINA ARIBA,VARGAS,16-Aug,ENVIADA,19-Aug,PENDIENTE,PENDIENTE,SIN EJECUCIÓN,,,,2800
AGOSTO,Q3,OVERLAY 17 LOCALES,INFRA,INSTALACIÓN (OVERLAY) DE RRU EN 17 LOCALES,INSTALACIÓN (OVERLAY) DE RRU EN 17 LOCALES,VARIOS,SIERRA/KAPUSTÍN ARIBA,SIERRA,16-Aug,CANCELADO,CANCELADO,CANCELADO,CANCELADO,CANCELADO,,,,-   
AGOSTO,Q3,CERCADO CT,INFRA,SUMINISTRO E INSTALACIÓN DE INYECTORES,SUMINISTRO E INSTALACIÓN DE INYECTORES,LIMA,CHIPANA/URBINA ARIBA,CHIPANA,22-Aug,ENVIADA,29-Aug,PENDIENTE,PENDIENTE,SIN EJECUCIÓN,,,,26997.23
AGOSTO,Q3,CERCADO CT,INFRA,"REPOSICIÓN, INSTALACIÓN, NIVELACIÓN DE PISO TÉCNICO (INCLUYE SUMINISTRO E INSTALACIÓN DE BALDOSAS DE PISO TÉCNICO EN ZONAS EN LAS QUE SE REQUIERA) - REPOSICIÓN, INSTALACIÓN, NIVELACIÓN DE FALSO CIELORRASO (INCLUYE SUMINISTRO E INSTALACIÓN DE BALDOSAS DE FALSO CIELORRASO EN ZONAS EN LAS QUE SE REQUIERA)","REPOSICIÓN, INSTALACIÓN, NIVELACIÓN DE PISO TÉCNICO (INCLUYE SUMINISTRO E INSTALACIÓN DE BALDOSAS DE PISO TÉCNICO EN ZONAS EN LAS QUE SE REQUIERA) - REPOSICIÓN, INSTALACIÓN, NIVELACIÓN DE FALSO CIELORRASO (INCLUYE SUMINISTRO E INSTALACIÓN DE BALDOSAS DE FALSO CIELORRASO EN ZONAS EN LAS QUE SE REQUIERA)",LIMA,CHIPANA/URBINA ARIBA,CHIPANA,22-Aug,ENVIADA,29-Aug,PENDIENTE,PENDIENTE,SIN EJECUCIÓN,,,,9316.14
AGOSTO,Q3,CERCADO CT,INFRA,"DESMONTAJE, RETIRO Y DISPOSICIÓN DE MOBILIARIO Y EQUIPAMIENTO OBSOLETO","DESMONTAJE, RETIRO Y DISPOSICIÓN DE MOBILIARIO Y EQUIPAMIENTO OBSOLETO",LIMA,CHIPANA/URBINA ARIBA,CHIPANA,22-Aug,PENDIENTE,PENDIENTE,PENDIENTE,PENDIENTE,SIN EJECUCIÓN,,,,-   
AGOSTO,Q3,JANQUE,INFRA,TALADO DE 10 ÁRBOLES,TALADO DE 10 ÁRBOLES,CHICLAYO,CHIPANA/URBINA ARIBA,CHIPANA,22-Aug,ENVIADA,22-Aug,PENDIENTE,PENDIENTE,SIN EJECUCIÓN,,,,1674.33
AGOSTO,Q3,BARRANCA URA,INFRA,TAPIADO DE LUZ ENTRE PORTÓN Y PISO - CAMBIO DE CERCO ELÉCTRICO A CONCERTINA - CAMBIO DE PUERTA DE MADERA A METÁLICA CONTRAPLACADA DOBLE HOJA SALA SE - TAPIADO DE REJILLAS DE VENTILACIÓN SALA GE,TAPIADO DE LUZ ENTRE PORTÓN Y PISO - CAMBIO DE CERCO ELÉCTRICO A CONCERTINA - CAMBIO DE PUERTA DE MADERA A METÁLICA CONTRAPLACADA DOBLE HOJA SALA SE - TAPIADO DE REJILLAS DE VENTILACIÓN SALA GE,LIMA,MARTÍNEZ/KAPUSTÍN ARIBA,MARTÍNEZ,23-Aug,ENVIADA,25-Aug,PENDIENTE,PENDIENTE,SIN EJECUCIÓN,,,,21165.1
AGOSTO,Q3,MONSEFÚ,INFRA,ENCUADRE DE PUERTA,ENCUADRE DE PUERTA,CHICLAYO,MARTÍNEZ/KAPUSTÍN ARIBA,MARTÍNEZ,23-Aug,ENVIADA,25-Aug,PENDIENTE,PENDIENTE,SIN EJECUCIÓN,,,,502.9
AGOSTO,Q3,MOYOPAMPA,INFRA,SUMINISTRO E INSTALACIÓN DE 2 BATERÍAS DE 27 PLACAS,SUMINISTRO E INSTALACIÓN DE 2 BATERÍAS DE 27 PLACAS,LIMA,CHIPANA/URBINA ARIBA,CHIPANA,23-Aug,ENVIADA,24-Aug,PENDIENTE,PENDIENTE,SIN EJECUCIÓN,,,,3700
AGOSTO,Q3,GOLF LOS INCAS,INFRA,RETIRO DE 2 GABINETES OUTDOOR - TRASLADO DE GABINETES RETIRADOS HACIA COMIMTEL,RETIRO DE 2 GABINETES OUTDOOR - TRASLADO DE GABINETES RETIRADOS HACIA COMIMTEL,LIMA,CHIPANA/URBINA ARIBA,CHIPANA,23-Aug,ENVIADA,23-Aug,APROBADA,23-Aug,EJECUTADO,6-Sep,24-Aug,24-Aug,949.86
AGOSTO,Q3,PROLO PIZARRO,INFRA,CAMBIO DE CHAPA SIMPLE,CAMBIO DE CHAPA SIMPLE,ÁNCASH,ORTEGA/KAPUSTÍN ARIBA,ORTEGA,23-Aug,ENVIADA,24-Aug,APROBADA,31-Aug,EJECUTADO,6-Sep,2-Sep,2-Sep,250
AGOSTO,Q3,LI00216,INFRA,REPARACIÓN DE PISO TÉCNICO - REPARACIÓN DE FALSO CIELORRASO - REPARACIÓN HUMEDAD EN MUROS Y CIELORRASO,REPARACIÓN DE PISO TÉCNICO - REPARACIÓN DE FALSO CIELORRASO - REPARACIÓN HUMEDAD EN MUROS Y CIELORRASO,LIMA,CHIPANA/URBINA ARIBA,CHIPANA,23-Aug,PENDIENTE,PENDIENTE,PENDIENTE,PENDIENTE,SIN EJECUCIÓN,,,,-   
AGOSTO,Q3,YURA,TORRE,INSPECCIÓN DE TORRE - RELEVAMIENTO DE TORRE - EE DE TORRE,INSPECCIÓN DE TORRE - RELEVAMIENTO DE TORRE - EE DE TORRE,AREQUIPA,VARGAS/URBINA ARIBA,VARGAS,27-Aug,ENVIADA,27-Aug,PENDIENTE,PENDIENTE,SIN EJECUCIÓN,,,,3668.43
AGOSTO,Q3,SANTIAGO URA,INFRA,CAMBIO DE CHAPA SIMPLE,CAMBIO DE CHAPA SIMPLE,ICA,VARGAS/URBINA ARIBA,VARGAS,31-Aug,ENVIADA,1-Sep,PENDIENTE,PENDIENTE,SIN EJECUCIÓN,,,,15899.71
AGOSTO,Q3,PESCADORES NEXTEL,INFRA,CAMBIO DE CERCO PERIMÉTRICO - SUMINISTRO E INSTALACIÓN DE CONCERTINA,CAMBIO DE CERCO PERIMÉTRICO - SUMINISTRO E INSTALACIÓN DE CONCERTINA,CHIMBOTE,VARGAS/URBINA ARIBA,VARGAS,31-Aug,ENVIADA,1-Sep,PENDIENTE,PENDIENTE,SIN EJECUCIÓN,,,,298.84
SETIEMBRE,Q3,BIGOTE,TORRE,INSPECCIÓN DE TORRE H>35M,INSPECCIÓN DE TORRE H>35M,PIURA,VARGAS/URBINA ARIBA,VARGAS,22-Aug,ENVIADA,23-Aug,APROBADA,5-Sep,EJECUTADO,30-Sep,20-Sep,20-Sep,1176.13
SETIEMBRE,Q3,CASA_BLANQUEADA,TORRE,INSPECCIÓN - RELEVAMIENTO - EE DE TORRE AUTOSOPORTADA H>35M (H=42M),INSPECCIÓN - RELEVAMIENTO - EE DE TORRE AUTOSOPORTADA H>35M (H=42M),TUMBES,VARGAS/URBINA ARIBA,VARGAS,22-Aug,ENVIADA,23-Aug,APROBADA,5-Sep,EJECUTADO,1-Oct,18-Sep,18-Sep,3565.09
SETIEMBRE,Q3,ERMO SAN CRISTOBAL,TORRE,INSPECCIÓN DE TORRE H=32M,INSPECCIÓN DE TORRE H=32M,LIMA,VARGAS/URBINA ARIBA,VARGAS,22-Aug,ENVIADA,23-Aug,APROBADA,5-Sep,EJECUTADO,6-Oct,28-Sep,28-Sep,1037.94
SETIEMBRE,Q3,KM162 SUR,TORRE,INSPECCIÓN DE TORRE H>35M,INSPECCIÓN DE TORRE H>35M,LIMA,VARGAS/URBINA ARIBA,VARGAS,22-Aug,ENVIADA,23-Aug,APROBADA,5-Sep,EJECUTADO,5-Oct,26-Sep,26-Sep,1176.13
SETIEMBRE,Q3,LOMA FATIMA,TORRE,INSPECCIÓN DE TORRE H=25M,INSPECCIÓN DE TORRE H=25M,TRUJILLO,VARGAS/URBINA ARIBA,VARGAS,22-Aug,ENVIADA,23-Aug,APROBADA,5-Sep,EJECUTADO,30-Sep,15-Sep,15-Sep,1037.94
SETIEMBRE,Q3,MANCORA,TORRE,INSPECCIÓN - RELEVAMIENTO - EE DE TORRE AUTOSOPORTADA H>35M (H=70M),INSPECCIÓN - RELEVAMIENTO - EE DE TORRE AUTOSOPORTADA H>35M (H=70M),PIURA,VARGAS/URBINA ARIBA,VARGAS,22-Aug,CANCELADO,23-Aug,CANCELADO,CANCELADO,CANCELADO,,,,4555.45
SETIEMBRE,Q3,PUNTA_SAL,TORRE,INSPECCIÓN - RELEVAMIENTO - EE DE TORRE AUTOSOPORTADA H>35M (H=75M),INSPECCIÓN - RELEVAMIENTO - EE DE TORRE AUTOSOPORTADA H>35M (H=75M),TUMBES,VARGAS/URBINA ARIBA,VARGAS,22-Aug,ENVIADA,23-Aug,APROBADA,5-Sep,EJECUTADO,7-Oct,19-Sep,19-Sep,4835.17
SETIEMBRE,Q3,REAL PLAZA SANTA CLARA,TORRE,INSPECCIÓN DE TORRE H<35M (ARRIOSTRADA 4M),INSPECCIÓN DE TORRE H<35M (ARRIOSTRADA 4M),LIMA,VARGAS/URBINA ARIBA,VARGAS,22-Aug,ENVIADA,23-Aug,APROBADA,5-Sep,EJECUTADO,1-Oct,25-Sep,25-Sep,1037.94
SETIEMBRE,Q3,LURÍN PRADERAS,TORRE,MANTENIMIENTO CORRECTIVO DE TORRE (MONOPOLO H=30M) - CAMBIO DE LÍNEA DE VIDA - CAMBIO DE BALIZAJE,MANTENIMIENTO CORRECTIVO DE TORRE (MONOPOLO H=30M) - CAMBIO DE LÍNEA DE VIDA - CAMBIO DE BALIZAJE,LIMA,VARGAS/URBINA ARIBA,VARGAS,24-Aug,ENVIADA,25-Aug,APROBADA,7-Sep,EJECUTADO,30-Sep,19-Sep,23-Sep,5636.44
SETIEMBRE,Q3,CACHURÁN,TORRE,INSPECCIÓN - RELEVAMIENTO - EE DE TORRE AUTOSOPORTADA H<35M (H=25),INSPECCIÓN - RELEVAMIENTO - EE DE TORRE AUTOSOPORTADA H<35M (H=25),PASCO,VARGAS/URBINA ARIBA,VARGAS,5-Sep,CANCELADO,5-Sep,CANCELADO,CANCELADO,CANCELADO,,,,3101.82
SETIEMBRE,Q3,COLQUIRJA,TORRE,INSPECCIÓN - RELEVAMIENTO - EE DE TORRE AUTOSOPORTADA H<35M (H=25),INSPECCIÓN - RELEVAMIENTO - EE DE TORRE AUTOSOPORTADA H<35M (H=25),PASCO,VARGAS/URBINA ARIBA,VARGAS,5-Sep,CANCELADO,5-Sep,CANCELADO,CANCELADO,CANCELADO,,,,3101.82
SETIEMBRE,Q3,MARCABAL,TORRE,INSPECCIÓN DE TORRE VENTADA H<35M (H=25),INSPECCIÓN DE TORRE VENTADA H<35M (H=25),TRUJILLO,VARGAS/URBINA ARIBA,VARGAS,5-Sep,CANCELADO,5-Sep,CANCELADO,CANCELADO,CANCELADO,,,,1037.94
SETIEMBRE,Q3,REAL_PLAZA_AREQUIPA,TORRE,INSPECCIÓN DE TORRE (MÁSTILES),INSPECCIÓN DE TORRE (MÁSTILES),AREQUIPA,VARGAS/URBINA ARIBA,VARGAS,5-Sep,ENVIADA,5-Sep,APROBADA,9-Sep,EJECUTADO,6-Oct,26-Sep,26-Sep,1037.94
SETIEMBRE,Q3,REAL_PLAZA_PUCALLPA,TORRE,INSPECCIÓN DE TORRE (MÁSTILES),INSPECCIÓN DE TORRE (MÁSTILES),UCAYALI,VARGAS/URBINA ARIBA,VARGAS,5-Sep,ENVIADA,5-Sep,APROBADA,9-Sep,EJECUTADO,11-Oct,8-Oct,8-Oct,1037.94
SETIEMBRE,Q3,CAMINO REAL 155,INFRA,SELLADO ZONA DE CABLES - SECADO DE AGUAS NEGRAS - LIMPIEZA Y DESINFECCIÓN SALA DE EQUIPOS - SUCCIÓN DE AGUAS NEGRAS EN BUZÓN DE CABLES TDP,SELLADO ZONA DE CABLES - SECADO DE AGUAS NEGRAS - LIMPIEZA Y DESINFECCIÓN SALA DE EQUIPOS - SUCCIÓN DE AGUAS NEGRAS EN BUZÓN DE CABLES TDP,LIMA,MARTÍNEZ,MARTÍNEZ,7-Sep,ENVIADA,6-Oct,APROBADA,6-Oct,EJECUTADO,28-Sep,8-Sep,15-Sep,1750
SETIEMBRE,Q3,LAGUNAS CANASLOCHE,TORRE,MTTO CORRECTIVO TORRE AUTOSOPORTADA H=21M - CAMBIO DE LÍNEA DE VIDA - MANTENIMIENTO DE CERCO PERIMÉTRICO - CAMBIO DE CONCERTINA - CAMBIO DE CHAPA SIMPLE - MANTENIMIENTO DE ESCALERA,MTTO CORRECTIVO TORRE AUTOSOPORTADA H=21M - CAMBIO DE LÍNEA DE VIDA - MANTENIMIENTO DE CERCO PERIMÉTRICO - CAMBIO DE CONCERTINA - CAMBIO DE CHAPA SIMPLE - MANTENIMIENTO DE ESCALERA,CHICLAYO,MARTÍNEZ/KAPUSTÍN ARIBA,MARTÍNEZ,8-Sep,ENVIADA,10-Sep,PENDIENTE,PENDIENTE,SIN EJECUCIÓN,,,,13712.81
SETIEMBRE,Q3,TABLADA DE LURÍN,INFRA,CORRECIÓN DE ANIEGO Y FILTRACIONES,CORRECIÓN DE ANIEGO Y FILTRACIONES,LIMA,MARTÍNEZ,MARTÍNEZ,9-Sep,PENDIENTE,PENDIENTE,PENDIENTE,PENDIENTE,SIN EJECUCIÓN,,,,-   
SETIEMBRE,Q3,CALIFORNIA,INFRA,REPARACIÓN DE CERCO DE TRANSFORMADOR - COLOCACIÓN DE CANDADO Y CADENA,REPARACIÓN DE CERCO DE TRANSFORMADOR - COLOCACIÓN DE CANDADO Y CADENA,LIMA,MARTÍNEZ,MARTÍNEZ,9-Sep,PENDIENTE,6-Oct,APROBADA,6-Oct,EJECUTADO,30-Sep,29-Sep,29-Sep,600
SETIEMBRE,Q3,LA VIRGEN,INFRA,"RETIRO DE CHAPAS EXISTENTES (MEDECO Y SIMPLE) - SUMINISTRO E INSTALACIÓN DE CHAPA SIMPLE - SUMINISTRO E INSTALACIÓN DE CANDADO, CADENA Y GUARDACANDADO","RETIRO DE CHAPAS EXISTENTES (MEDECO Y SIMPLE) - SUMINISTRO E INSTALACIÓN DE CHAPA SIMPLE - SUMINISTRO E INSTALACIÓN DE CANDADO, CADENA Y GUARDACANDADO",LIMA,MARTÍNEZ,MARTÍNEZ,9-Sep,PENDIENTE,6-Oct,APROBADA,6-Oct,EJECUTADO,30-Sep,28-Sep,28-Sep,900
SETIEMBRE,Q3,"WASHINGTON I, II Y III",INFRA,"RETIRO Y TRASLADO PARA DISPOSICIÓN DE RRSS Y RAEE EN AMBIENTES WASHINGTON I, II Y III","RETIRO Y TRASLADO PARA DISPOSICIÓN DE RRSS Y RAEE EN AMBIENTES WASHINGTON I, II Y III",LIMA,CHIPANA,CHIPANA,12-Sep,ENVIADA,14-Sep,APROBADA,14-Sep,EJECUTADO,29-Sep,14-Sep,20-Sep,4500
SETIEMBRE,Q3,LOS OLIVOS CT,INFRA,DIAGNÓSTICO + SUMINISTRO E INSTALACION DE CONTACTOR + ADECUACION DE FASES + CAMBIO DE GRIFO EN BAÑO,DIAGNÓSTICO + SUMINISTRO E INSTALACION DE CONTACTOR + ADECUACION DE FASES + CAMBIO DE GRIFO EN BAÑO,LIMA,ORTEGA,ORTEGA,14-Sep,ENVIADA,14-Sep,APROBADA,14-Sep,EJECUTADO,21-Sep,16-Sep,21-Sep,991.37
SETIEMBRE,Q3,"WASHINGTON I, II Y III",INFRA,ADICIONAL POR RETIRO Y TRASLADO PARA DISPOSICIÓN DE RRSS Y RAEE EN SALA TX - WASHINGTON 3,ADICIONAL POR RETIRO Y TRASLADO PARA DISPOSICIÓN DE RRSS Y RAEE EN SALA TX - WASHINGTON 3,LIMA,CHIPANA,CHIPANA,15-Sep,ENVIADA,15-Sep,APROBADA,15-Sep,EJECUTADO,29-Sep,14-Sep,20-Sep,1195.04
SETIEMBRE,Q3,SULLANA CT,INFRA,CAMBIO DE CHAPA SIMPLE,CAMBIO DE CHAPA SIMPLE,PIURA,ARIBA,ARIBA,20-Sep,ENVIADA,20-Sep,PENDIENTE,PENDIENTE,SIN EJECUCIÓN,,,,604.08
SETIEMBRE,Q3,LOS OLIVOS CT,INFRA,DIAGNÓSTICO + SUMINISTRO E INSTALACION DE CONTACTOR + ADECUACION DE FASES + REBOBINADO DE BOMBA,DIAGNÓSTICO + SUMINISTRO E INSTALACION DE CONTACTOR + ADECUACION DE FASES + REBOBINADO DE BOMBA,LIMA,ORTEGA,ORTEGA,20-Sep,ENVIADA,21-Sep,PENDIENTE,PENDIENTE,SIN EJECUCIÓN,,,,1538.12
SETIEMBRE,Q3,PACASMAYO URA,INFRA,CAMBIO DE CHAPA SIMPLE,CAMBIO DE CHAPA SIMPLE,TRUJILLO,ARIBA,ARIBA,22-Sep,ENVIADA,22-Sep,PENDIENTE,PENDIENTE,SIN EJECUCIÓN,,,,861.12
SETIEMBRE,Q3,VILLA MARÍA URA,INFRA,CAMBIO DE CHAPA SIMPLE,CAMBIO DE CHAPA SIMPLE,LIMA,ARIBA,ARIBA,23-Sep,ENVIADA,26-Sep,PENDIENTE,PENDIENTE,SIN EJECUCIÓN,,,,298.84
SETIEMBRE,Q3,TAHUANTINSUYO URA,INFRA,CAMBIO DE CHAPA SIMPLE,CAMBIO DE CHAPA SIMPLE,LIMA,ARIBA,ORTEGA,23-Sep,ENVIADA,23-Sep,APROBADA,23-Sep,EJECUTADO,26-Sep,23-Sep,23-Sep,298.84
SETIEMBRE,Q3,CONCHITAS,INFRA,CAMBIO DE CHAPA SIMPLE,CAMBIO DE CHAPA SIMPLE,LIMA,CHIPANA,CHIPANA,23-Sep,ENVIADA,23-Sep,APROBADA,23-Sep,EJECUTADO,27-Sep,24-Sep,24-Sep,250
SETIEMBRE,Q3,TÚPAC AMARU,TORRE,MTTO CORRECTIVO TORRE AUTOSOPORTADA H=36M - CAMBIO DE LÍNEA DE VIDA Y ACCESORIOS - CAMBIO SISTEMA DE LUZ DE BALIZAJE - CAMBIO DE 80% DE PERNERÍA - ENGRASE DE BARRAS DE ATERRAMIENTO,MTTO CORRECTIVO TORRE AUTOSOPORTADA H=36M - CAMBIO DE LÍNEA DE VIDA Y ACCESORIOS - CAMBIO SISTEMA DE LUZ DE BALIZAJE - CAMBIO DE 80% DE PERNERÍA - ENGRASE DE BARRAS DE ATERRAMIENTO,CHICLAYO,ARIBA,ARIBA,23-Sep,ENVIADA,26-Sep,PENDIENTE,PENDIENTE,SIN EJECUCIÓN,,,,25978.08
SETIEMBRE,Q3,PROGRESO,INFRA,"LIMPIEZA, FUMIGACIÓN Y DESRATIZACIÓN DE TODAS LAS SALAS","LIMPIEZA, FUMIGACIÓN Y DESRATIZACIÓN DE TODAS LAS SALAS",CHIMBOTE,ARIBA,ARIBA,24-Sep,ENVIADA,24-Sep,PENDIENTE,PENDIENTE,SIN EJECUCIÓN,,,,1505.92
SETIEMBRE,Q3,SEDE MAMARA,TORRE,NUEVA ESTRUCTURA DE TORRE,NUEVA ESTRUCTURA DE TORRE,APURÍMAC,ARIBA,ARIBA,27-Sep,PENDIENTE,PENDIENTE,PENDIENTE,PENDIENTE,SIN EJECUCIÓN,,,,-   
SETIEMBRE,Q3,ISO TDP,INFRA,INFRA VARIOS EN 4 LOCALES,INFRA VARIOS EN 4 LOCALES,VARIOS,ARIBA,ARIBA,27-Sep,PENDIENTE,PENDIENTE,PENDIENTE,PENDIENTE,SIN EJECUCIÓN,,,,-   
SETIEMBRE,Q3,CONCHÁN URA,INFRA,CAMBIO DE CHAPA SIMPLE,CAMBIO DE CHAPA SIMPLE,LIMA,ARIBA,ARIBA,29-Sep,ENVIADA,29-Sep,PENDIENTE,PENDIENTE,SIN EJECUCIÓN,,,,298.84
OCTUBRE,Q4,CEMENTOS LIMA,TORRE,MTTO CORRECTIVO TORRE AUTOSOPORTADA H=35M - CAMBIO DE LÍNEA DE VIDA Y ACCESORIOS - CAMBIO SISTEMA DE LUZ DE BALIZAJE - CAMBIO DE SISTEMA DE ATERRAMIENTO DE TORRE (PARARRAYOS) - ENGRASE DE BARRAS,MTTO CORRECTIVO TORRE AUTOSOPORTADA H=35M - CAMBIO DE LÍNEA DE VIDA Y ACCESORIOS - CAMBIO SISTEMA DE LUZ DE BALIZAJE - CAMBIO DE SISTEMA DE ATERRAMIENTO DE TORRE (PARARRAYOS) - ENGRASE DE BARRAS,LIMA,VARGAS,VARGAS,27-Jun,ENVIADA,28-Jun,APROBADA,22-Sep,EJECUTADO,18-Oct,30-Sep,15-Oct,22009.5
OCTUBRE,Q4,REAL_PLAZA_SULLANA(OV.CALLEA),TORRE,INSPECCIÓN DE TORRE H<35M (MÁSTIL),INSPECCIÓN DE TORRE H<35M (MÁSTIL),PIURA,VARGAS/URBINA ARIBA,VARGAS,22-Aug,ENVIADA,23-Aug,APROBADA,5-Sep,EJECUTADO,5-Nov,29-Oct,29-Oct,1037.94
OCTUBRE,Q4,TORRES CERCA AL MAR AQP-MOQ-TAC,TORRE,INSPECCIÓN DE SOPORTES Y ABRAZADERAS DE EQUIPOS EN TORRE - EVALUACIÓN DE OPERATIVIDAD DE EQUIPOS EN TORRE,INSPECCIÓN DE SOPORTES Y ABRAZADERAS DE EQUIPOS EN TORRE - EVALUACIÓN DE OPERATIVIDAD DE EQUIPOS EN TORRE,VARIOS,VARGAS/URBINA ARIBA,VARGAS,24-Aug,ENVIADA,24-Aug,APROBADA,26-Aug,EJECUTADO,3-Nov,16-Sep,10-Oct,14400
OCTUBRE,Q4,NEGRITOS,INFRA,"CAMBIO DE PUERTA PRINCIPAL - CAMBIO DE PUERTA GE - MANTENIMIENTO DE PUERTAS SALA INTERNA, PUERTA SECUNDARIA, PUERTA GARITA - TAPIADO VANOS GARITA - CAMBIO DE VENTANA GARITA - ENMALLADO Y ENREJADO DE VANO SALA DE EQUIPOS - RETIRO Y TRASLADO MW A HUACHO CT - FUMIGACIÓN Y LIMPIEZA","CAMBIO DE PUERTA PRINCIPAL - CAMBIO DE PUERTA GE - MANTENIMIENTO DE PUERTAS SALA INTERNA, PUERTA SECUNDARIA, PUERTA GARITA - TAPIADO VANOS GARITA - CAMBIO DE VENTANA GARITA - ENMALLADO Y ENREJADO DE VANO SALA DE EQUIPOS - RETIRO Y TRASLADO MW A HUACHO CT - FUMIGACIÓN Y LIMPIEZA",LIMA,MARTÍNEZ,MARTÍNEZ,9-Sep,ENVIADA,24-Sep,PENDIENTE,PENDIENTE,SIN EJECUCIÓN,,,,12625.62
OCTUBRE,Q4,COLLIQUE ALTO,TORRE,MTTO CORRECTIVO TORRE AUTOSOPORTADA H=30M - CAMBIO DE ACCESORIOS DE LÍNEA DE VIDA - CAMBIO DE FOCOS Y REPOSICIÓN DE CABLE VULCANIZADO (SISTEMA DE LUZ DE BALIZAJE) - ENGRASE DE BARRAS DE ATERRAMIENTO,MTTO CORRECTIVO TORRE AUTOSOPORTADA H=30M - CAMBIO DE ACCESORIOS DE LÍNEA DE VIDA - CAMBIO DE FOCOS Y REPOSICIÓN DE CABLE VULCANIZADO (SISTEMA DE LUZ DE BALIZAJE) - ENGRASE DE BARRAS DE ATERRAMIENTO,CHICLAYO,ARIBA,ARIBA,27-Sep,ENVIADA,27-Sep,PENDIENTE,PENDIENTE,SIN EJECUCIÓN,,,,11304.38
OCTUBRE,Q4,SAN JOSÉ NEW,TORRE,MTTO CORRECTIVO TORRE AUTOSOPORTADA H=54M - CAMBIO DE LÍNEA DE VIDA Y ACCESORIOS - CAMBIO SISTEMA DE LUZ DE BALIZAJE - CAMBIO DE SISTEMA DE PARARRAYOS - CAMBIO DE PERNERÍA - ENGRASE DE BARRAS DE ATERRAMIENTO,MTTO CORRECTIVO TORRE AUTOSOPORTADA H=54M - CAMBIO DE LÍNEA DE VIDA Y ACCESORIOS - CAMBIO SISTEMA DE LUZ DE BALIZAJE - CAMBIO DE SISTEMA DE PARARRAYOS - CAMBIO DE PERNERÍA - ENGRASE DE BARRAS DE ATERRAMIENTO,TRUJILLO,ARIBA,ARIBA,27-Sep,ENVIADA,28-Sep,PENDIENTE,PENDIENTE,SIN EJECUCIÓN,,,,49573.65
OCTUBRE,Q4,PLATEROS,TORRE,MTTO CORRECTIVO TORRE AUTOSOPORTADA H=40M - CAMBIO DE LÍNEA DE VIDA Y ACCESORIOS - ENGRASE DE BARRAS DE ATERRAMIENTO - RESANE DE BASES DE CONCRETO,MTTO CORRECTIVO TORRE AUTOSOPORTADA H=40M - CAMBIO DE LÍNEA DE VIDA Y ACCESORIOS - ENGRASE DE BARRAS DE ATERRAMIENTO - RESANE DE BASES DE CONCRETO,CHICLAYO,ARIBA,ARIBA,27-Sep,ENVIADA,27-Sep,PENDIENTE,PENDIENTE,SIN EJECUCIÓN,,,,26508.71
OCTUBRE,Q4,CUCUFANA,TORRE,MTTO CORRECTIVO TORRE AUTOSOPORTADA H=15M - CAMBIO DE SEPARADOR DE LÍNEA DE VIDA - CAMBIO DE PERNERÍA - ENGRASE DE BARRAS DE ATERRAMIENTO,MTTO CORRECTIVO TORRE AUTOSOPORTADA H=15M - CAMBIO DE SEPARADOR DE LÍNEA DE VIDA - CAMBIO DE PERNERÍA - ENGRASE DE BARRAS DE ATERRAMIENTO,CHICLAYO,ARIBA,ARIBA,27-Sep,ENVIADA,27-Sep,PENDIENTE,PENDIENTE,SIN EJECUCIÓN,,,,6832.66
OCTUBRE,Q4,DOS PALOS,TORRE,MTTO CORRECTIVO TORRE AUTOSOPORTADA H=15M - CAMBIO DE LÍNEA DE VIDA - CAMBIO DE ELEMENTOS METÁLICOS Y PERNERÍA EN TORRE,MTTO CORRECTIVO TORRE AUTOSOPORTADA H=15M - CAMBIO DE LÍNEA DE VIDA - CAMBIO DE ELEMENTOS METÁLICOS Y PERNERÍA EN TORRE,CHICLAYO,ARIBA,ARIBA,27-Sep,ENVIADA,27-Sep,PENDIENTE,PENDIENTE,SIN EJECUCIÓN,,,,10000.57
OCTUBRE,Q4,YAKUIMINKA,TORRE,MTTO CORRECTIVO TORRE AUTOSOPORTADA H=45M - CAMBIO DE LÍNEA DE VIDA Y ACCESORIOS - CAMBIO SISTEMA DE LUZ DE BALIZAJE - CAMBIO DE SISTEMA DE PARARRAYOS Y ATERRAMIENTO DE EQUIPOS - ENGRASE DE BARRAS DE ATERRAMIENTO,MTTO CORRECTIVO TORRE AUTOSOPORTADA H=45M - CAMBIO DE LÍNEA DE VIDA Y ACCESORIOS - CAMBIO SISTEMA DE LUZ DE BALIZAJE - CAMBIO DE SISTEMA DE PARARRAYOS Y ATERRAMIENTO DE EQUIPOS - ENGRASE DE BARRAS DE ATERRAMIENTO,TRUJILLO,ARIBA,ARIBA,27-Sep,ENVIADA,28-Sep,PENDIENTE,PENDIENTE,SIN EJECUCIÓN,,,,43081.18
OCTUBRE,Q4,NUEVA FORTUNA,INFRA,REPARACIÓN DE CERCO PERIMÉTRICO,REPARACIÓN DE CERCO PERIMÉTRICO,IQUITOS,ARIBA,ARIBA,30-Sep,ENVIADA,1-Oct,PENDIENTE,PENDIENTE,SIN EJECUCIÓN,,,,1699.03
OCTUBRE,Q4,SANTA RITA DE CASTILLA,INFRA,REPARACIÓN DE CERCO PERIMÉTRICO,REPARACIÓN DE CERCO PERIMÉTRICO,IQUITOS,ARIBA,ARIBA,30-Sep,ENVIADA,1-Oct,PENDIENTE,PENDIENTE,SIN EJECUCIÓN,,,,2020.33
OCTUBRE,Q4,URARINAS,INFRA,EJECUCIÓN DE TROCHA,EJECUCIÓN DE TROCHA,IQUITOS,ARIBA,ARIBA,30-Sep,PENDIENTE,PENDIENTE,PENDIENTE,PENDIENTE,SIN EJECUCIÓN,,,,-   
OCTUBRE,Q4,CASA BLANQUEADA,TORRE,MTTO CORRECTIVO TORRE AUTOSOPORTADA H=42M - CAMBIO DE LÍNEA DE VIDA Y ACCESORIOS - CAMBIO SISTEMA DE LUZ DE BALIZAJE - CAMBIO DE SISTEMA DE PARARRAYOS Y ATERRAMIENTO DE EQUIPOS - ENGRASE DE BARRAS DE ATERRAMIENTO,MTTO CORRECTIVO TORRE AUTOSOPORTADA H=42M - CAMBIO DE LÍNEA DE VIDA Y ACCESORIOS - CAMBIO SISTEMA DE LUZ DE BALIZAJE - CAMBIO DE SISTEMA DE PARARRAYOS Y ATERRAMIENTO DE EQUIPOS - ENGRASE DE BARRAS DE ATERRAMIENTO,TUMBES,VARGAS,VARGAS,3-Oct,ENVIADA,3-Oct,PENDIENTE,PENDIENTE,SIN EJECUCIÓN,,,,30130.26
OCTUBRE,Q4,BIGOTE,TORRE,MTTO CORRECTIVO TORRE AUTOSOPORTADA H=20M - CAMBIO DE ACCESORIOS DE LÍNEA DE VIDA - CAMBIO SISTEMA DE LUZ DE BALIZAJE - ENGRASE DE BARRAS DE ATERRAMIENTO,MTTO CORRECTIVO TORRE AUTOSOPORTADA H=20M - CAMBIO DE ACCESORIOS DE LÍNEA DE VIDA - CAMBIO SISTEMA DE LUZ DE BALIZAJE - ENGRASE DE BARRAS DE ATERRAMIENTO,PIURA,VARGAS,VARGAS,3-Oct,ENVIADA,3-Oct,PENDIENTE,PENDIENTE,SIN EJECUCIÓN,,,,8621.14
OCTUBRE,Q4,LOMA FÁTIMA,TORRE,MTTO CORRECTIVO TORRE AUTOSOPORTADA H=15M - INSTALACIÓN (IMPLEMENTACIÓN) DE SISTEMA DE LÍNEA DE VIDA Y ACCESORIOS,MTTO CORRECTIVO TORRE AUTOSOPORTADA H=15M - INSTALACIÓN (IMPLEMENTACIÓN) DE SISTEMA DE LÍNEA DE VIDA Y ACCESORIOS,TRUJILLO,VARGAS,VARGAS,4-Oct,ENVIADA,4-Oct,PENDIENTE,PENDIENTE,SIN EJECUCIÓN,,,,6726.68
OCTUBRE,Q4,REAL PLAZA SANTA CLARA,TORRE,MTTO CORRECTIVO MÁSTIL H=6M,MTTO CORRECTIVO MÁSTIL H=6M,LIMA,VARGAS,VARGAS,4-Oct,ENVIADA,4-Oct,PENDIENTE,PENDIENTE,SIN EJECUCIÓN,,,,1602.85
OCTUBRE,Q4,KM162 SUR,TORRE,MTTO CORRECTIVO TORRE AUTOSOPORTADA H=70M - CAMBIO DE LÍNEA DE VIDA Y ACCESORIOS - CAMBIO SISTEMA DE LUZ DE BALIZAJE,MTTO CORRECTIVO TORRE AUTOSOPORTADA H=70M - CAMBIO DE LÍNEA DE VIDA Y ACCESORIOS - CAMBIO SISTEMA DE LUZ DE BALIZAJE,LIMA,VARGAS,VARGAS,6-Oct,ENVIADA,6-Oct,PENDIENTE,PENDIENTE,SIN EJECUCIÓN,,,,45840.89
OCTUBRE,Q4,REAL PLAZA AREQUIPA,TORRE,MTTO CORRECTIVO MÁSTIL H=5M,MTTO CORRECTIVO MÁSTIL H=5M,AREQUIPA,VARGAS,VARGAS,6-Oct,ENVIADA,6-Oct,PENDIENTE,PENDIENTE,SIN EJECUCIÓN,,,,2686.6
OCTUBRE,Q4,SAN CRISTOBAL ERMO,TORRE,"MTTO CORRECTIVO TORRE AUTOSOPORTADA H=40M - INSTALACIÓN (IMPLEMENTACIÓN) DE SISTEMA DE LÍNEA DE VIDA Y ACCESORIOS - CAMBIO SISTEMA DE LUZ DE BALIZAJE (DE SISTEMA BALIZAJE DESTELLO A BALIZAJE CONVENCIONAL CON FOTOCELDA) - CAMBIO DE SISTEMA DE PARARRAYOS Y ATERRAMIENTO DE EQUIPOS - CONSTRUCCIÓN DE POZO A TIERRA, INSTALACIÓN Y ENGRASE DE BARRAS DE ATERRAMIENTO","MTTO CORRECTIVO TORRE AUTOSOPORTADA H=40M - INSTALACIÓN (IMPLEMENTACIÓN) DE SISTEMA DE LÍNEA DE VIDA Y ACCESORIOS - CAMBIO SISTEMA DE LUZ DE BALIZAJE (DE SISTEMA BALIZAJE DESTELLO A BALIZAJE CONVENCIONAL CON FOTOCELDA) - CAMBIO DE SISTEMA DE PARARRAYOS Y ATERRAMIENTO DE EQUIPOS - CONSTRUCCIÓN DE POZO A TIERRA, INSTALACIÓN Y ENGRASE DE BARRAS DE ATERRAMIENTO",LIMA,VARGAS,VARGAS,10-Oct,ENVIADA,10-Oct,PENDIENTE,PENDIENTE,SIN EJECUCIÓN,,,,31785.9
OCTUBRE,Q4,PUNTA SAL,TORRE,MTTO CORRECTIVO TORRE AUTOSOPORTADA H=75M - CAMBIO DE LÍNEA DE VIDA Y ACCESORIOS - CAMBIO SISTEMA DE LUZ DE BALIZAJE (BALIZAJE CONVENCIONAL CON FOTOCELDA) - CAMBIO DE SISTEMA DE PARARRAYOS Y ATERRAMIENTO DE EQUIPOS - ENGRASE DE BARRAS DE ATERRAMIENTO,MTTO CORRECTIVO TORRE AUTOSOPORTADA H=75M - CAMBIO DE LÍNEA DE VIDA Y ACCESORIOS - CAMBIO SISTEMA DE LUZ DE BALIZAJE (BALIZAJE CONVENCIONAL CON FOTOCELDA) - CAMBIO DE SISTEMA DE PARARRAYOS Y ATERRAMIENTO DE EQUIPOS - ENGRASE DE BARRAS DE ATERRAMIENTO,TUMBES,VARGAS,VARGAS,10-Oct,ENVIADA,10-Oct,PENDIENTE,PENDIENTE,SIN EJECUCIÓN,,,,52572.01
OCTUBRE,Q4,CEM LIMA,INFRA,REPARACIÓN Y RECOLOCACIÓN DE PUERTA SALA DE EQUIPOS,REPARACIÓN Y RECOLOCACIÓN DE PUERTA SALA DE EQUIPOS,LIMA,VARGAS,VARGAS,10-Oct,ENVIADA,10-Oct,APROBADA,14-Oct,EJECUTADO,31-Oct,27-Oct,27-Oct,600
OCTUBRE,Q4,SANTA ROSA URA,INFRA,REPARACIÓN DE PISO TÉCNICO - SALA CX,REPARACIÓN DE PISO TÉCNICO - SALA CX,LIMA,MARTÍNEZ,MARTÍNEZ,11-Oct,ENVIADA,11-Oct,PENDIENTE,PENDIENTE,SIN EJECUCIÓN,,,,550
OCTUBRE,Q4,CHULUCANAS,TORRE,INSPECCIÓN . RELEVAMIENTO - EE DE TORRE AUTOSOPORTADA H=50M,INSPECCIÓN . RELEVAMIENTO - EE DE TORRE AUTOSOPORTADA H=50M,PIURA,VARGAS,VARGAS,11-Oct,ENVIADA,11-Oct,PENDIENTE,PENDIENTE,SIN EJECUCIÓN,,,,4011.13
OCTUBRE,Q4,REAL PLAZA PUCALLPA,TORRE,MTTO CORRECTIVO MÁSTIL H=2.50M,MTTO CORRECTIVO MÁSTIL H=2.50M,LIMA,VARGAS,VARGAS,11-Oct,ENVIADA,11-Oct,PENDIENTE,PENDIENTE,SIN EJECUCIÓN,,,,2235.04
OCTUBRE,Q4,SAN JUAN DE MIRAFLORES,INFRA,CAMBIO DE CHAPA SIMPLE,CAMBIO DE CHAPA SIMPLE,LIMA,MARTÍNEZ,MARTÍNEZ,12-Oct,ENVIADA,12-Oct,PENDIENTE,PENDIENTE,SIN EJECUCIÓN,,,,298.84
OCTUBRE,Q4,IMPERIAL,INFRA,REPARACIÓN DE PUERTAS - CLAUSURA DE PUERTA GARITA,REPARACIÓN DE PUERTAS - CLAUSURA DE PUERTA GARITA,ICA,MARTÍNEZ,MARTÍNEZ,12-Oct,ENVIADA,12-Oct,PENDIENTE,PENDIENTE,SIN EJECUCIÓN,,,,909.97
OCTUBRE,Q4,BOLOGNESI URA,INFRA,ENCUADRE DE PUERTA,ENCUADRE DE PUERTA,AREQUIPA,ARIBA,ARIBA,12-Oct,ENVIADA,12-Oct,PENDIENTE,PENDIENTE,SIN EJECUCIÓN,,,,524.68
OCTUBRE,Q4,VENTURO,INFRA,REFORZAMIENTO ESTRUCTURAL - VENTURO,REFORZAMIENTO ESTRUCTURAL - VENTURO,LIMA,VARGAS,VARGAS,12-Oct,ENVIADA,14-Oct,PENDIENTE,PENDIENTE,SIN EJECUCIÓN,,,,18184.96
OCTUBRE,Q4,SANTA PATRICIA,INFRA,"1. NIVELACIÓN DE PISO TÉCNICO.
2. REPARACIÓN DE ZONAS LATERALES DE PISO TÉCNICO.
3. CAMBIO DE LUMINARIAS.","1. NIVELACIÓN DE PISO TÉCNICO.
2. REPARACIÓN DE ZONAS LATERALES DE PISO TÉCNICO.
3. CAMBIO DE LUMINARIAS.",LIMA,MARTÍNEZ,MARTÍNEZ,14-Oct,ENVIADA,14-Oct,APROBADA,18-Oct,EJECUTADO,8-Nov,28-Oct,31-Oct,3835
OCTUBRE,Q4,LA VIRGEN,INFRA,COLOCACIÓN DE CANDADO Y PICAPORTE EN PUERTA DE SHELTER OUTDOOR,COLOCACIÓN DE CANDADO Y PICAPORTE EN PUERTA DE SHELTER OUTDOOR,LIMA,ARIBA,ARIBA,17-Oct,ENVIADA,17-Oct,PENDIENTE,PENDIENTE,SIN EJECUCIÓN,,,,710
OCTUBRE,Q4,CONCEPCIÓN,INFRA,CAMBIO DE CHAPA EMPOTRADA,CAMBIO DE CHAPA SIMPLE,HUANCAYO,ARIBA,ARIBA,18-Oct,ENVIADA,18-Oct,PENDIENTE,PENDIENTE,SIN EJECUCIÓN,,,,771.21
OCTUBRE,Q4,LOS CERRILLOS,INFRA,"1. REPARACIÓN DE PUERTA PRINCIPAL (BISAGRAS).
2. MANTENIMIENTO A PUERTA PRINCIPAL (CHAPA + PICAPORTE + CANDADO + CADENA + GUARDACANDADO + PINTADO).
3. SUMINISTRO E INSTALACIÓN DE CONCERTINA.","1. REPARACIÓN DE PUERTA PRINCIPAL (BISAGRAS).
2. MANTENIMIENTO A PUERTA PRINCIPAL (CHAPA + PICAPORTE + CANDADO + CADENA + GUARDACANDADO + PINTADO).
3. SUMINISTRO E INSTALACIÓN DE CONCERTINA.",AREQUIPA,MARTÍNEZ,MARTÍNEZ,18-Oct,ENVIADA,18-Oct,PENDIENTE,PENDIENTE,SIN EJECUCIÓN,,,,9262.12
OCTUBRE,Q4,GARCÍA NEW,TORRE,INSPECCIÓN - RELEVAMIENTO - EE DE TORRE AUTOSOPORTADA H<35M (H=25M),INSPECCIÓN - RELEVAMIENTO - EE DE TORRE AUTOSOPORTADA H<35M (H=25M),PIURA,VARGAS,VARGAS,20-Oct,ENVIADA,20-Oct,APROBADA,21-Oct,EJECUTADO,5-Nov,29-Oct,30-Oct,3101.82
OCTUBRE,Q4,ESTANCIA DE LURÍN,TORRE,LIMPIEZA Y DESINFECCIÓN DE EQUIPOS EN TORRE,LIMPIEZA Y DESINFECCIÓN DE EQUIPOS EN TORRE,LIMA,VARGAS,VARGAS,25-Oct,ENVIADA,25-Oct,PENDIENTE,PENDIENTE,SIN EJECUCIÓN,,,,1400
OCTUBRE,Q4,MALPASO,INFRA,"AMPLIACIÓN TUB ESCAPE 2""","AMPLIACIÓN TUB ESCAPE 2""",LIMA,VARGAS,VARGAS,26-Oct,ENVIADA,26-Oct,PENDIENTE,PENDIENTE,SIN EJECUCIÓN,,,,1343.25
OCTUBRE,Q4,CORIRE,TORRE,MTTO CORRECTIVO EN ANCLAJES DE LÍNEA DE VIDA - CAMBIO DE LÍNEA DE VIDA Y ACCESORIOS - CAMBIO SISTEMA DE LUZ DE BALIZAJE (BALIZAJE CONVENCIONAL CON FOTOCELDA) - CAMBIO DE SISTEMA DE PARARRAYOS Y ATERRAMIENTO DE EQUIPOS - ENGRASE DE BARRAS DE ATERRAMIENTO,MTTO CORRECTIVO EN ANCLAJES DE LÍNEA DE VIDA - CAMBIO DE LÍNEA DE VIDA Y ACCESORIOS - CAMBIO SISTEMA DE LUZ DE BALIZAJE (BALIZAJE CONVENCIONAL CON FOTOCELDA) - CAMBIO DE SISTEMA DE PARARRAYOS Y ATERRAMIENTO DE EQUIPOS - ENGRASE DE BARRAS DE ATERRAMIENTO,AREQUIPA,VARGAS,VARGAS,27-Oct,ENVIADA,27-Oct,PENDIENTE,PENDIENTE,SIN EJECUCIÓN,,,,4693.35
NOVIEMBRE,Q4,PLAYA HERMOSA,TORRE,MTTO CORRECTIVO TORRE MONOPOLO H=15M - CAMBIO DE LÍNEA DE VIDA - CAMBIO DE CABLE DE BAJADA PARARRAYOS - RELEVAMIENTO DE TORRE - EE DE TORRE,MTTO CORRECTIVO TORRE MONOPOLO H=15M - CAMBIO DE LÍNEA DE VIDA - CAMBIO DE CABLE DE BAJADA PARARRAYOS - RELEVAMIENTO DE TORRE - EE DE TORRE,LIMA,VARGAS/URBINA ARIBA,VARGAS,24-Aug,ENVIADA,25-Aug,APROBADA,9-Nov,EJECUTADO,29-Nov,22-Nov,26-Nov,5029.88
NOVIEMBRE,Q4,"WASHINGTON I, II Y III",INFRA,"ADICIONAL POR:
1. CARGA, TRASLADO Y DESCARGA DE RRSS Y RAEE PARA DISPOSICIÓN.
2. RETIRO, CARGA, TRASLADO Y DESCARGA DE RRSS - SALA PROYECTOS ESPECIALES TX DE DATOS.

PUNTO DE ORIGEN: WASHINGTON TDP.
PUNTO DE DESTINO: EMPRESA MAFIE (COLONIAL).","ADICIONAL POR:
1. CARGA, TRASLADO Y DESCARGA DE RRSS Y RAEE PARA DISPOSICIÓN.
2. RETIRO, CARGA, TRASLADO Y DESCARGA DE RRSS - SALA PROYECTOS ESPECIALES TX DE DATOS.

PUNTO DE ORIGEN: WASHINGTON TDP.
PUNTO DE DESTINO: EMPRESA MAFIE (COLONIAL).",LIMA,CHIPANA,CHIPANA,28-Sep,ENVIADA,29-Sep,APROBADA,17-Oct,EJECUTADO,28-Nov,2-Nov,18-Nov,3030.5
NOVIEMBRE,Q4,ESTANCIA DE LURÍN,INFRA,"LIMPIEZA, DESINFECCIÓN Y ENMALLADO EN PISO","LIMPIEZA, DESINFECCIÓN Y ENMALLADO EN PISO",LIMA,MARTÍNEZ,MARTÍNEZ,27-Oct,ENVIADA,27-Oct,APROBADA,31-Oct,EJECUTADO,28-Nov,8-Nov,9-Nov,2750.16
NOVIEMBRE,Q4,CHILCA,INFRA,"1. CAMBIO DE TAPAS RECTANGULARES DE CONCRETO (4 UND).
2. MANTENIMIENTO DE PUERTA DOBLE HOJA SALA GE.
3. MANTENIMIENTO DE REJILLAS DE VENTILACIÓN (2 UND).","1. CAMBIO DE TAPAS RECTANGULARES DE CONCRETO (4 UND).
2. MANTENIMIENTO DE PUERTA DOBLE HOJA SALA GE.
3. MANTENIMIENTO DE REJILLAS DE VENTILACIÓN (2 UND).",LIMA,MARTÍNEZ,MARTÍNEZ,27-Oct,ENVIADA,27-Oct,APROBADA,31-Oct,EJECUTADO,30-Nov,10-Nov,12-Nov,1177.33
NOVIEMBRE,Q4,SAN LUIS,INFRA,"1. CAMBIO DE CHAPA (ELECTRÓNICA A SIMPLE).
2. ENCUADRE DE PUERTA.",CAMBIO DE CHAPA SIMPLE,LIMA,MARTÍNEZ,MARTÍNEZ,27-Oct,ENVIADA,27-Oct,APROBADA,31-Oct,EJECUTADO,1-Dec,14-Nov,14-Nov,490.53
NOVIEMBRE,Q4,LA ENCANTADA,TORRE,MTTO CORRECTIVO ESCALERILLA PEATONAL - CAMBIO DE LÍNEA DE VIDA Y ACCESORIOS,MTTO CORRECTIVO ESCALERILLA PEATONAL - CAMBIO DE LÍNEA DE VIDA Y ACCESORIOS,LIMA,VARGAS,VARGAS,28-Oct,ENVIADA,28-Oct,APROBADA,28-Oct,EJECUTADO,5-Nov,4-Nov,4-Nov,1630.92
NOVIEMBRE,Q4,CHULUCANAS,INFRA,CAMBIO DE CHAPA SIMPLE,CAMBIO DE CHAPA SIMPLE,LIMA,ARIBA,ARIBA,3-Nov,ENVIADA,3-Nov,PENDIENTE,PENDIENTE,SIN EJECUCIÓN,,,,604.08
NOVIEMBRE,Q4,CONCHITAS,INFRA,MANTENIMIENTO DE PUERTA PRINCIPAL,MANTENIMIENTO DE PUERTA PRINCIPAL,LIMA,ORTEGA,ORTEGA,3-Nov,ENVIADA,3-Nov,PENDIENTE,PENDIENTE,SIN EJECUCIÓN,,,,800
NOVIEMBRE,Q4,CONCHITAS,INFRA,CAMBIO DE PUERTA PRINCIPAL,CAMBIO DE PUERTA PRINCIPAL,LIMA,ORTEGA,ORTEGA,3-Nov,ENVIADA,3-Nov,PENDIENTE,PENDIENTE,SIN EJECUCIÓN,,,,2907.07
NOVIEMBRE,Q4,CALIFORNIA,INFRA,CAMBIO DE CHAPA SIMPLE (3 UND),CAMBIO DE CHAPA SIMPLE,LIMA,ORTEGA,ORTEGA,3-Nov,ENVIADA,3-Nov,PENDIENTE,PENDIENTE,SIN EJECUCIÓN,,,,1105.38
NOVIEMBRE,Q4,CHORRILLOS CT,INFRA,CAMBIO DE CHAPA SIMPLE Y CANDADO,CAMBIO DE CHAPA SIMPLE,LIMA,MARTÍNEZ,MARTÍNEZ,4-Nov,ENVIADA,4-Nov,APROBADA,4-Nov,EJECUTADO,10-Nov,5-Nov,5-Nov,280
NOVIEMBRE,Q4,SAN PABLO,INFRA,CAMBIO DE CHAPA SIMPLE,CAMBIO DE CHAPA SIMPLE,LIMA,MARTÍNEZ,MARTÍNEZ,4-Nov,ENVIADA,4-Nov,APROBADA,4-Nov,EJECUTADO,11-Nov,9-Nov,9-Nov,280
NOVIEMBRE,Q4,SAN JUAN DE MIRAFLORES,INFRA,CAMBIO DE CHAPA SIMPLE,CAMBIO DE CHAPA SIMPLE,LIMA,MARTÍNEZ,MARTÍNEZ,4-Nov,ENVIADA,4-Nov,APROBADA,4-Nov,EJECUTADO,10-Nov,5-Nov,5-Nov,280
NOVIEMBRE,Q4,CAHUIDE,INFRA,CAMBIO (SUMINISTRO E INSTALACIÓN) DE CABLE DE BAJADA DE PARARRAYOS,CAMBIO (SUMINISTRO E INSTALACIÓN) DE CABLE DE BAJADA DE PARARRAYOS,IQUITOS,VARGAS,VARGAS,8-Nov,ENVIADA,8-Nov,APROBADA,11-Nov,EJECUTADO,1-Dec,26-Nov,26-Nov,3216.39
NOVIEMBRE,Q4,ENCAÑADA CUADROS,INFRA,CAMBIO (SUMINISTRO E INSTALACIÓN) DE CABLE DE BAJADA DE PARARRAYOS,CAMBIO (SUMINISTRO E INSTALACIÓN) DE CABLE DE BAJADA DE PARARRAYOS,CAJAMARCA,VARGAS,VARGAS,8-Nov,ENVIADA,8-Nov,PENDIENTE,PENDIENTE,SIN EJECUCIÓN,,,,2216.13
NOVIEMBRE,Q4,ANCÓN,TORRE,CAMBIO DE ACCESORIOS DE LÍNEA DE VIDA,CAMBIO DE ACCESORIOS DE LÍNEA DE VIDA,LIMA,VARGAS,VARGAS,8-Nov,ENVIADA,8-Nov,PENDIENTE,PENDIENTE,SIN EJECUCIÓN,,,,800
NOVIEMBRE,Q4,JESÚS MARÍA,TORRE,CONTINUIDAD A ESCALERA PEATONAL - CAMBIO DE LÍNEA DE VIDA (UN SOLO TRAMO),CONTINUIDAD A ESCALERA PEATONAL - CAMBIO DE LÍNEA DE VIDA (UN SOLO TRAMO),LIMA,VARGAS,VARGAS,8-Nov,PENDIENTE,PENDIENTE,PENDIENTE,PENDIENTE,SIN EJECUCIÓN,,,,-   
NOVIEMBRE,Q4,LA ENCANTADA,INFRA,ENCAMISADO PARA REFORZAMIENTO DE POSTE,ENCAMISADO PARA REFORZAMIENTO DE POSTE,LIMA,VARGAS,VARGAS,8-Nov,PENDIENTE,PENDIENTE,PENDIENTE,PENDIENTE,SIN EJECUCIÓN,,,,-   
NOVIEMBRE,Q4,"WASHINGTON I, II Y III",INFRA,"PESADO, CLASIFICACIÓN Y ACOMODO DE CARGA DENTRO DE INSTALACIONES DE MAFIE","PESADO, CLASIFICACIÓN Y ACOMODO DE CARGA DENTRO DE INSTALACIONES DE MAFIE",LIMA,ORTEGA,ORTEGA,11-Nov,ENVIADA,11-Nov,APROBADA,14-Nov,EJECUTADO,28-Nov,11-Nov,11-Nov,700
NOVIEMBRE,Q4,LURÍN ET,INFRA,"1. RETIRO Y TRASLADO DE RRSS Y RAEE (PUNTO DE DESTINO: MAFIE COLONIAL).
2. SUMINISTRO E INSTALACIÓN DE TAPAS DE CONCRETO (2 UND).
3. PINTADO DE REJAS DE PROTECCIÓN DE TRANSFORMADORES (4 UND).
4. PINTADO DE TECHO DE TANQUE DE COMBUSTIBLE DE ET.
5. PINTADO DE ESCALERA DE GATO Y PLATAFORMA DE ACCESO A TANQUE DE COMBUSTIBLE DE MEDIA NETWORKS.
6. PINTADO DE MÁSTILES CON EQUIPOS OPERATIVOS.","1. RETIRO Y TRASLADO DE RRSS Y RAEE (PUNTO DE DESTINO: MAFIE COLONIAL).
2. SUMINISTRO E INSTALACIÓN DE TAPAS DE CONCRETO (2 UND).
3. PINTADO DE REJAS DE PROTECCIÓN DE TRANSFORMADORES (4 UND).
4. PINTADO DE TECHO DE TANQUE DE COMBUSTIBLE DE ET.
5. PINTADO DE ESCALERA DE GATO Y PLATAFORMA DE ACCESO A TANQUE DE COMBUSTIBLE DE MEDIA NETWORKS.
6. PINTADO DE MÁSTILES CON EQUIPOS OPERATIVOS.",LIMA,MARTÍNEZ,MARTÍNEZ,11-Nov,ENVIADA,14-Nov,APROBADA,14-Nov,EJECUTADO,29-Nov,15-Nov,22-Nov,40000
NOVIEMBRE,Q4,LURÍN ET,INFRA,DESMONTAJE GLOBAL DE TABLEROS Y MANGAS EN SALA LURÍN 3,DESMONTAJE GLOBAL DE TABLEROS Y MANGAS EN SALA LURÍN 3,LIMA,MARTÍNEZ,MARTÍNEZ,11-Nov,ENVIADA,14-Nov,PENDIENTE,PENDIENTE,SIN EJECUCIÓN,,,,3200.8
NOVIEMBRE,Q4,LURÍN ET,INFRA,"ADICIONAL I:

1. RETIRO Y TRASLADO DE RRSS EN ZONA DETRÁS DE NOC - EN SALA CERCA A TORRE (PUNTO DE DESTINO: MAFIE COLONIAL).
2. RETIRO Y ACARREO PARA TRASLADO DE EQUIPOS UC EN ZONA DETRÁS DE NOC (PUNTO DE DESTINO: ZONA DE CONTAINERS A 300M, DENTRO DE LA MISMA ET).
3. PINTADO DE TUB EN ZONA SOBRE CERRAMIENTO DE TRANSFORMADOR.","ADICIONAL I:

1. RETIRO Y TRASLADO DE RRSS EN ZONA DETRÁS DE NOC - EN SALA CERCA A TORRE (PUNTO DE DESTINO: MAFIE COLONIAL).
2. RETIRO Y ACARREO PARA TRASLADO DE EQUIPOS UC EN ZONA DETRÁS DE NOC (PUNTO DE DESTINO: ZONA DE CONTAINERS A 300M, DENTRO DE LA MISMA ET).
3. PINTADO DE TUB EN ZONA SOBRE CERRAMIENTO DE TRANSFORMADOR.",LIMA,MARTÍNEZ,MARTÍNEZ,16-Nov,ENVIADA,17-Nov,APROBADA,18-Nov,EJECUTADO,29-Nov,15-Nov,22-Nov,6013.85
NOVIEMBRE,Q4,LURÍN ET,INFRA,"ADICIONAL II:

1. MANTENIMIENTO A MÁSTILES DE SOPORTE DE REFLECTORES (ZONA CATV, 7 UND).","ADICIONAL II:

1. MANTENIMIENTO A MÁSTILES DE SOPORTE DE REFLECTORES (ZONA CATV, 7 UND).",LIMA,MARTÍNEZ,MARTÍNEZ,18-Nov,ENVIADA,18-Nov,PENDIENTE,PENDIENTE,SIN EJECUCIÓN,,,,1400
NOVIEMBRE,Q4,LURÍN ET,INFRA,"ADICIONAL III.b:

1. MANTENIMIENTO A TUB DE ESCAPE DE GE, PINTURA ESTÁNDAR (6 UND).","ADICIONAL III.b:

1. MANTENIMIENTO A TUB DE ESCAPE DE GE, PINTURA ESTÁNDAR (6 UND).",LIMA,MARTÍNEZ,MARTÍNEZ,18-Nov,ENVIADA,18-Nov,APROBADA,19-Nov,EJECUTADO,29-Nov,15-Nov,22-Nov,2000
NOVIEMBRE,Q4,LURÍN ET,INFRA,"ADICIONAL IV:

1. CAMIÓN PERNOCTA EN ET PARA AGILIZAR EL TRASLADO DE LA CARGA.","ADICIONAL IV:

1. CAMIÓN PERNOCTA EN ET PARA AGILIZAR EL TRASLADO DE LA CARGA.",LIMA,MARTÍNEZ,MARTÍNEZ,21-Nov,ENVIADA,21-Nov,APROBADA,21-Nov,EJECUTADO,29-Nov,15-Nov,22-Nov,1000
NOVIEMBRE,Q4,PROGRESO,INFRA,CAMBIO DE CHAPA SIMPLE,CAMBIO DE CHAPA SIMPLE,CHIMBOTE,ORTEGA,ORTEGA,22-Nov,ENVIADA,22-Nov,PENDIENTE,PENDIENTE,SIN EJECUCIÓN,,,,298.84
NOVIEMBRE,Q4,LOCAL ONP,INFRA,CAMBIO DE CHAPA SIMPLE (2 UND),CAMBIO DE CHAPA SIMPLE,LIMA,ARIBA,ARIBA,22-Nov,ENVIADA,24-Nov,PENDIENTE,PENDIENTE,SIN EJECUCIÓN,,,,437.04
NOVIEMBRE,Q4,SAN BORJA URA,INFRA,CAMBIO DE CHAPA SIMPLE,CAMBIO DE CHAPA SIMPLE,LIMA,ARIBA,ARIBA,24-Nov,ENVIADA,24-Nov,PENDIENTE,PENDIENTE,SIN EJECUCIÓN,,,,298.84
NOVIEMBRE,Q4,CALIFORNIA,INFRA,CAMBIO DE CHAPA SIMPLE (3 UND),CAMBIO DE CHAPA SIMPLE,LIMA,ARIBA,ARIBA,24-Nov,ENVIADA,24-Nov,PENDIENTE,PENDIENTE,SIN EJECUCIÓN,,,,1105.38
NOVIEMBRE,Q4,MANAGUA,INFRA,CAMBIO DE CHAPA SIMPLE,CAMBIO DE CHAPA SIMPLE,LIMA,ARIBA,ARIBA,24-Nov,ENVIADA,24-Nov,PENDIENTE,PENDIENTE,SIN EJECUCIÓN,,,,298.84
NOVIEMBRE,Q4,PAMPLONA,INFRA,CAMBIO DE CANDADO ELECTRÓNICO A CANDADO SIMPLE,CAMBIO DE CANDADO ELECTRÓNICO A CANDADO SIMPLE,LIMA,ARIBA,ARIBA,24-Nov,ENVIADA,24-Nov,PENDIENTE,PENDIENTE,SIN EJECUCIÓN,,,,400
NOVIEMBRE,Q4,LI00178 MALA,INFRA,CAMBIO DE CHAPA SIMPLE,CAMBIO DE CHAPA SIMPLE,LIMA,ARIBA,ARIBA,24-Nov,ENVIADA,24-Nov,PENDIENTE,PENDIENTE,SIN EJECUCIÓN,,,,443.43
NOVIEMBRE,Q4,CONCHITAS,INFRA,MANTENIMIENTO DE PUERTA PRINCIPAL,MANTENIMIENTO DE PUERTA PRINCIPAL,LIMA,ARIBA,ARIBA,24-Nov,ENVIADA,24-Nov,PENDIENTE,PENDIENTE,SIN EJECUCIÓN,,,,800
NOVIEMBRE,Q4,VILLA EL SALVADOR URA,INFRA,TAPIADO DE VANO DE INGRESO DE CABLES SALA TX (EVITAR INGRESO DE ANIMALES),TAPIADO DE VANO DE INGRESO DE CABLES SALA TX (EVITAR INGRESO DE ANIMALES),LIMA,MARTÍNEZ,MARTÍNEZ,29-Nov,ENVIADA,29-Nov,PENDIENTE,PENDIENTE,SIN EJECUCIÓN,,,,1095.77
DICIEMBRE,Q4,BOULEVARD ASIA,INFRA,INSTALACIÓN DE LUMINARIAS (3 UND),INSTALACIÓN DE LUMINARIAS (3 UND),LIMA,MARTÍNEZ,MARTÍNEZ,27-Oct,ENVIADA,27-Oct,APROBADA,31-Oct,EJECUTADO,12-Dec,12-Dec,12-Dec,2685.56
DICIEMBRE,Q4,CALLAO CT,INFRA,"1. SUMINISTRO E INSTALACIÓN DE BALDOSA DE MADERA (6 UND).
2. FUMIGACIÓN Y LIMPIEZA (ZONA QUE SE MUESTRA EN EVIDENCIA FOTOGRÁFICA DE INFORME).
3. SUMINISTRO E INSTALACIÓN DE TAPA PARA BASTIDOR ELÉCTRICO.
4. SUMINISTRO E INSTALACIÓN DE SEÑALÉTICA EN TABLEROS DE SALA DE EQUIPOS (5 UND).
5. REPARACIÓN DE BARANDA DE ESCALERA (ZONA QUE SE MUESTRA EN EVIDENCIA FOTOGRÁFICA DE INFORME).
6. CAMBIO DE LUMINARIAS.","1. SUMINISTRO E INSTALACIÓN DE BALDOSA DE MADERA (6 UND).
2. FUMIGACIÓN Y LIMPIEZA (ZONA QUE SE MUESTRA EN EVIDENCIA FOTOGRÁFICA DE INFORME).
3. SUMINISTRO E INSTALACIÓN DE TAPA PARA BASTIDOR ELÉCTRICO.
4. SUMINISTRO E INSTALACIÓN DE SEÑALÉTICA EN TABLEROS DE SALA DE EQUIPOS (5 UND).
5. REPARACIÓN DE BARANDA DE ESCALERA (ZONA QUE SE MUESTRA EN EVIDENCIA FOTOGRÁFICA DE INFORME).
6. CAMBIO DE LUMINARIAS.",LIMA,MARTÍNEZ,MARTÍNEZ,28-Nov,ENVIADA,10-Dec,PENDIENTE,PENDIENTE,SIN EJECUCIÓN,,,,3663.6
DICIEMBRE,Q4,CIUDAD DEL PESCADOR,INFRA,"1. REPARACIÓN DE FONDO DE LOSA (ZONA AFECTADA).
2. CAMBIO DE MALLA EN AZOTEA.","1. REPARACIÓN DE FONDO DE LOSA (ZONA AFECTADA).
2. CAMBIO DE MALLA EN AZOTEA.",LIMA,MARTÍNEZ,MARTÍNEZ,29-Nov,ENVIADA,10-Dec,PENDIENTE,PENDIENTE,SIN EJECUCIÓN,,,,1866.06
DICIEMBRE,Q4,LURÍN ET,INFRA,"1. REPOSICIÓN DE VIDRIOS (TIPO PERSIANA) Y COLOCACIÓN DE CORTINA.
2. SUMINISTRO E INSTALACIÓN DE RACKS (2 UND).
3. SUMINISTRO E INSTALACIÓN DE LOCKERS (1 UND).
4. CAMBIO DE CHAPA SIMPLE.
5. CAMBIO DE LUMINARIAS (1 UND).
6. RETIRO DE SENSOR DE HUMO OBSOLETO.
7. PINTADO MUROS INTERNOS.
8. RETIRO Y ELIMINACIÓN DE CAJONES VACÍOS (2 UND).","1. REPOSICIÓN DE VIDRIOS (TIPO PERSIANA) Y COLOCACIÓN DE CORTINA.
2. SUMINISTRO E INSTALACIÓN DE RACKS (2 UND).
3. SUMINISTRO E INSTALACIÓN DE LOCKERS (1 UND).
4. CAMBIO DE CHAPA SIMPLE.
5. CAMBIO DE LUMINARIAS (1 UND).
6. RETIRO DE SENSOR DE HUMO OBSOLETO.
7. PINTADO MUROS INTERNOS.
8. RETIRO Y ELIMINACIÓN DE CAJONES VACÍOS (2 UND).",LIMA,MARTÍNEZ,MARTÍNEZ,1-Dec,ENVIADA,2-Dec,PENDIENTE,PENDIENTE,SIN EJECUCIÓN,,,,6122.86
DICIEMBRE,Q4,WASHINGTON I,INFRA,"1. NIVELACIÓN Y REPOSICIÓN DE PISO TÉCNICO.
2. NIVELACIÓN Y REPOSICIÓN DE FALSO CIELORRASO.
3. CAMBIO DE LUMINARIAS.
4. INSTALACIÓN DE LUMINARIAS.","1. NIVELACIÓN Y REPOSICIÓN DE PISO TÉCNICO.
2. NIVELACIÓN Y REPOSICIÓN DE FALSO CIELORRASO.
3. CAMBIO DE LUMINARIAS.
4. INSTALACIÓN DE LUMINARIAS.",LIMA,ORTEGA,ORTEGA,1-Dec,ENVIADA,5-Dec,PENDIENTE,PENDIENTE,SIN EJECUCIÓN,,,,16622.76
DICIEMBRE,Q4,WASHINGTON I,INFRA,"1. LIMPIEZA Y FUMIGACIÓN (ZONA DE PASILLO, 6M DE ALTURA).
2. SUMINISTRO E INSTALACIÓN DE CORTINA PLÁSTICA PESADA.","1. LIMPIEZA Y FUMIGACIÓN (ZONA DE PASILLO, 6M DE ALTURA).
2. SUMINISTRO E INSTALACIÓN DE CORTINA PLÁSTICA PESADA.",LIMA,MARTÍNEZ,MARTÍNEZ,1-Dec,ENVIADA,7-Dec,APROBADA,23-Dec,SIN EJECUCIÓN,,,,1677.96
DICIEMBRE,Q4,PLAYA HERMOSA,INFRA,CAMBIO SISTEMA DE LUZ DE BALIZAJE (BALIZAJE CONVENCIONAL CON FOTOCELDA),CAMBIO SISTEMA DE LUZ DE BALIZAJE (BALIZAJE CONVENCIONAL CON FOTOCELDA),LIMA,VARGAS,VARGAS,5-Dec,ENVIADA,5-Dec,PENDIENTE,PENDIENTE,SIN EJECUCIÓN,,,,1713.86
DICIEMBRE,Q4,QUICASQUILLA,INFRA,"1. CAMBIO DE CHAPA SIMPLE.
2. TAPIADO DE REJILLA EN PUERTA CON PLANCHA METÁLICA.
3. MANTENIMIENTO DE PUERTA.","1. CAMBIO DE CHAPA SIMPLE.
2. TAPIADO DE REJILLA EN PUERTA CON PLANCHA METÁLICA.
3. MANTENIMIENTO DE PUERTA.",LIMA,ARIBA,MARTÍNEZ,5-Dec,ENVIADA,5-Dec,APROBADA,12-Dec,SIN EJECUCIÓN,,,,1814.19
DICIEMBRE,Q4,DAMMERT,INFRA,"1. FUMIGACIÓN Y LIMPIEZA.
2. COLOCACIÓN DE PUERTA DE MALLA (EVITAR INGRESO DE AVES).","1. FUMIGACIÓN Y LIMPIEZA.
2. COLOCACIÓN DE PUERTA DE MALLA (EVITAR INGRESO DE AVES).",LIMA,ORTEGA,ORTEGA,6-Dec,ENVIADA,12-Dec,PENDIENTE,PENDIENTE,SIN EJECUCIÓN,,,,1585.68
DICIEMBRE,Q4,MIRAFLORES,INFRA,1. NIVELACIÓN Y REPOSICIÓN DE PISO TÉCNICO.,1. NIVELACIÓN Y REPOSICIÓN DE PISO TÉCNICO.,LIMA,MARTÍNEZ,MARTÍNEZ,12-Dec,ENVIADA,17-Dec,PENDIENTE,PENDIENTE,SIN EJECUCIÓN,,,,5793.31
DICIEMBRE,Q4,HUARAL URA,INFRA,"1. SUMINISTRO E INSTALACIÓN DE CANDADO Y CADENA (PUERTA PRINCIPAL).
2. CAMBIO DE CHAPA SIMPLE.
3. MANTENIMIENTO DE PUERTA.","1. SUMINISTRO E INSTALACIÓN DE CANDADO Y CADENA (PUERTA PRINCIPAL).
2. CAMBIO DE CHAPA SIMPLE.
3. MANTENIMIENTO DE PUERTA.",LIMA,MARTÍNEZ,MARTÍNEZ,15-Dec,ENVIADA,15-Dec,PENDIENTE,PENDIENTE,SIN EJECUCIÓN,,,,861.69
DICIEMBRE,Q4,CONCHÁN,INFRA,1. CAMBIO DE CHAPA SIMPLE (CYBERLOCK A SIMPLE).,CAMBIO DE CHAPA SIMPLE,LIMA,ORTEGA,ORTEGA,19-Dec,ENVIADA,19-Dec,APROBADA,22-Dec,SIN EJECUCIÓN,,,,300
DICIEMBRE,Q4,PICSI,INFRA,1. CAMBIO DE CHAPA SIMPLE.,CAMBIO DE CHAPA SIMPLE,LIMA,ORTEGA,ORTEGA,19-Dec,ENVIADA,19-Dec,APROBADA,20-Dec,EJECUTADO,23-Dec,22-Dec,22-Dec,420
DICIEMBRE,Q4,VILLA MARÍA,INFRA,1. CAMBIO DE CHAPA SIMPLE.,CAMBIO DE CHAPA SIMPLE,LIMA,MARTÍNEZ,MARTÍNEZ,19-Dec,ENVIADA,19-Dec,APROBADA,20-Dec,EJECUTADO,23-Dec,21-Dec,21-Dec,280
DICIEMBRE,Q4,SANTA LUCÍA 2,INFRA,"1. CAMBIO DE CHAPA SIMPLE (2 UND).
2. INSTALACIÓN DE CANDADO Y CADENA.",CAMBIO DE CHAPA SIMPLE,LIMA,MARTÍNEZ,MARTÍNEZ,19-Dec,ENVIADA,19-Dec,APROBADA,20-Dec,SIN EJECUCIÓN,,,,620
DICIEMBRE,Q4,LAS CASUARINAS,INFRA,1. CAMBIO DE CHAPA SIMPLE.,CAMBIO DE CHAPA SIMPLE,LIMA,MARTÍNEZ,MARTÍNEZ,19-Dec,ENVIADA,19-Dec,APROBADA,20-Dec,EJECUTADO,26-Dec,23-Dec,23-Dec,280
DICIEMBRE,Q4,LA VICTORIA URA,INFRA,"1. COLOCACIÓN DE LÁMINA PLÁSTICA (TAPIADO DE VANO DE VENTANA TIPO PERSIANA).
2. ENCUADRE DE PUERTA DE SALA MDF.","1. COLOCACIÓN DE LÁMINA PLÁSTICA (TAPIADO DE VANO DE VENTANA TIPO PERSIANA).
2. ENCUADRE DE PUERTA DE SALA MDF.",LIMA,MARTÍNEZ,MARTÍNEZ,19-Dec,ENVIADA,19-Dec,APROBADA,20-Dec,SIN EJECUCIÓN,,,,400
DICIEMBRE,Q4,MIRAFLORES,INFRA,"1. VENTILACIÓN DE PASADIZO CALIENTE (PISO 5, SALA CX).","1. VENTILACIÓN DE PASADIZO CALIENTE (PISO 5, SALA CX).",LIMA,MARTÍNEZ,MARTÍNEZ,12-Dec,ENVIADA,21-Dec,PENDIENTE,PENDIENTE,SIN EJECUCIÓN,,,,4586.41
DICIEMBRE,Q4,LURÍN ET,INFRA,1. COLOCACIÓN DE MAMPARA DE VIDRIO.,1. COLOCACIÓN DE MAMPARA DE VIDRIO.,LIMA,ORTEGA,ORTEGA,21-Dec,ENVIADA,21-Dec,APROBADA,22-Dec,EJECUTADO,26-Dec,23-Dec,23-Dec,397.26
DICIEMBRE,Q4,RAUCANA,INFRA,1. CAMBIO DE MALLA.,1. CAMBIO DE MALLA.,LIMA,ARIBA,ARIBA,21-Dec,ENVIADA,21-Dec,PENDIENTE,PENDIENTE,SIN EJECUCIÓN,,,,1218.91
DICIEMBRE,Q4,SAN BORJA,INFRA,1. SUMINISTRO E INSTALACIÓN DE CANDADO Y CADENA (PUERTA PRINCIPAL).,1. SUMINISTRO E INSTALACIÓN DE CANDADO Y CADENA (PUERTA PRINCIPAL).,LIMA,ORTEGA,ORTEGA,21-Dec,ENVIADA,21-Dec,APROBADA,22-Dec,SIN EJECUCIÓN,,,,203.62
DICIEMBRE,Q4,PICSI,INFRA,1. CAMBIO DE BISAGRAS.,1. CAMBIO DE BISAGRAS.,LIMA,ORTEGA,ORTEGA,22-Dec,ENVIADA,22-Dec,PENDIENTE,22-Dec,SIN EJECUCIÓN,,,,805.95
DICIEMBRE,Q4,COCHERA MEDIA NETWORKS,INFRA,1. ENCUADRE DE PORTÓN DE INGRESO VEHICULAR.,1. ENCUADRE DE PORTÓN DE INGRESO VEHICULAR.,LIMA,MARTÍNEZ,MARTÍNEZ,22-Dec,ENVIADA,23-Dec,PENDIENTE,22-Dec,SIN EJECUCIÓN,,,,916.42
DICIEMBRE,Q4,NUEVA CAÑ,INFRA,"1. LIMPIEZA Y FUMIGACIÓN DE SALA DE EQUIPOS.
2. ELIMINACIÓN DE PANAL DE SALA DE EQUIPOS.","1. LIMPIEZA Y FUMIGACIÓN DE SALA DE EQUIPOS.
2. ELIMINACIÓN DE PANAL DE SALA DE EQUIPOS.",LIMA,ORTEGA,ORTEGA,26-Dec,ENVIADA,26-Dec,PENDIENTE,22-Dec,SIN EJECUCIÓN,,,,1688.09
DICIEMBRE,Q4,MALA,INFRA,1. ENCUADRE DE PUERTA.,1. ENCUADRE DE PUERTA.,LIMA,ORTEGA,ORTEGA,26-Dec,ENVIADA,26-Dec,PENDIENTE,22-Dec,SIN EJECUCIÓN,,,,621.07
